060310,3S,"2,450","-60","-2.39","539,099,110","109,766,151,950",0
054620,APS홀딩스,"7,970","-50","-0.62","1,415,119,810","162,541,941,370",0
265520,AP시스템,"24,150","-750","-3.01","5,454,986,700","349,697,482,050",0
211270,AP위성,"7,570","-220","-2.82","316,663,080","113,662,066,280",0
035760,CJ ENM,"116,000","-1,500","-1.28","8,594,414,700","2,543,781,864,000",0
051500,CJ프레시웨이,"15,500","0","0.00","698,392,100","184,009,583,000",0
058820,CMG제약,"4,630","355","8.30","310,513,521,290","643,071,089,720",0
023460,CNH,"1,440","-30","-2.04","102,615,460","53,568,000,000",0
065770,CS,"2,365","-90","-3.67","210,591,130","44,545,129,750",0
083660,CSA 코스믹,"-","0","0.00","0","154,590,427,650",0
322780,DB금융스팩7호,"-","0","0.00","0","9,282,000,000",0
068790,DMS,"6,500","250","4.00","10,951,757,690","149,906,165,500",0
241520,DSC인베스트먼트,"2,905","-20","-0.68","578,844,265","52,927,307,615",0
245620,EDGC,"15,200","-1,150","-7.03","179,723,624,900","578,295,947,200",0
037370,EG,"8,870","-110","-1.22","2,414,543,980","66,525,000,000",0
079190,EMW,"-","0","0.00","0","88,360,067,660",0
130500,GH신소재,"3,550","-15","-0.42","686,023,560","39,050,000,000",0
083450,GST,"19,650","-450","-2.24","5,010,138,550","183,093,689,250",0
028150,GS홈쇼핑,"106,500","0","0.00","1,462,191,700","698,906,250,000",0
045890,GV,"813","4","0.49","906,908,767","39,309,029,670",0
078150,HB테크놀러지,"2,190","-45","-2.01","2,834,456,490","172,989,032,940",0
036640,HRS,"3,385","-85","-2.45","532,659,815","55,360,998,000",0
299170,IBKS제10호스팩,"-","0","0.00","0","9,028,050,000",0
335890,IBKS제11호스팩,"-","0","0.00","0","9,843,450,000",0
335870,IBKS제12호스팩,"2,100","0","0.00","999,600","6,552,000,000",0
351340,IBKS제13호스팩,"2,020","0","0.00","1,949,800","10,443,400,000",0
351320,IBKS제14호스팩,"2,040","0","0.00","70,574,950","8,833,200,000",0
095340,ISC,"19,950","-350","-1.72","9,903,951,800","282,143,034,600",0
099520,ITX엠투엠,"1,830","-15","-0.81","189,586,740","50,641,639,410",0
067290,JW신약,"5,280","110","2.13","8,162,970,000","220,002,636,480",0
035900,JYP Ent.,"30,300","-1,100","-3.50","27,887,594,450","1,075,498,257,600",0
024840,KBI메탈,"1,275","-20","-1.54","331,135,735","42,012,331,200",0
024120,KB오토시스,"6,440","30","0.47","110,276,650","74,060,000,000",0
021320,KCC건설,"6,740","-130","-1.89","285,892,400","144,236,000,000",0
036670,KCI,"10,150","-50","-0.49","441,785,800","114,390,500,000",0
044180,KD,"-","0","0.00","0","38,784,885,480",0
151860,KG ETS,"4,180","5","0.12","7,623,948,610","150,480,000,000",0
046440,KG모빌리언스,"10,450","-250","-2.34","5,249,344,450","405,727,185,600",0
035600,KG이니시스,"22,850","-700","-2.97","5,632,769,250","637,616,316,900",0
060720,KH바텍,"24,100","-550","-2.23","11,819,120,200","569,663,364,400",0
122450,KMH,"7,610","-80","-1.04","880,935,680","172,503,343,020",0
052900,KMH하이텍,"1,270","-30","-2.31","5,304,437,675","59,544,583,730",0
058400,KNN,"1,565","-55","-3.40","6,065,636,320","207,252,511,800",0
114450,KPX생명과학,"6,630","-20","-0.30","2,381,727,870","99,450,000,000",0
036030,KTH,"4,980","-30","-0.60","181,230,005","177,860,809,560",0
060370,KT서브마린,"4,285","25","0.59","646,188,140","93,841,500,000",0
065150,MP그룹,"-","0","0.00","0","106,263,055,205",0
219550,MP한강,"1,315","-85","-6.07","5,310,442,010","75,441,632,845",0
160550,NEW,"5,010","-40","-0.79","2,415,794,660","139,809,591,060",0
053290,NE능률,"2,885","-40","-1.37","302,265,300","46,367,826,745",0
104200,NHN벅스,"4,675","15","0.32","53,031,205","69,318,796,250",0
060250,NHN한국사이버결제,"57,000","-2,200","-3.72","18,087,277,100","1,309,369,401,000",0
030190,NICE평가정보,"19,250","-300","-1.53","3,719,033,400","1,168,760,285,000",0
078590,OQP,"4,500","265","6.26","8,081,746,115","338,761,498,500",0
178920,PI첨단소재,"30,150","-950","-3.05","8,321,838,300","885,394,608,300",0
024940,PN풍년,"3,140","25","0.80","649,251,195","31,400,000,000",0
218410,RFHIC,"37,600","-700","-1.83","20,370,819,650","896,670,512,000",0
091340,S&K폴리텍,"5,530","-110","-1.95","364,342,550","64,721,577,130",0
019550,SBI인베스트먼트,"726","-3","-0.41","1,513,423,385","117,660,333,450",0
046140,SBS콘텐츠허브,"5,840","0","0.00","438,616,620","125,347,161,200",0
036120,SCI평가정보,"5,210","-390","-6.96","13,137,773,320","184,955,000,000",0
099220,SDN,"2,620","-80","-2.96","3,346,435,470","126,228,230,680",0
036540,SFA반도체,"5,490","-110","-1.96","29,267,921,230","902,887,063,470",0
255220,SG,"2,350","30","1.29","676,966,520","86,292,063,450",0
040610,SG&G,"1,435","5","0.35","652,982,355","48,915,126,260",0
049470,SGA,"611","-10","-1.61","72,623,442","29,549,334,139",0
184230,SGA솔루션즈,"926","6","0.65","202,792,332","33,962,006,558",0
307070,SK4호스팩,"2,015","0","0.00","0","10,397,400,000",0
337450,SK5호스팩,"2,010","0","0.00","2,655,530","8,663,100,000",0
340350,SK6호스팩,"2,000","0","0.00","448,000","11,420,000,000",0
057500,SKC 솔믹스,"4,090","-35","-0.85","3,786,057,170","251,510,623,600",0
036490,SK머티리얼즈,"239,300","-4,700","-1.93","17,980,985,400","2,524,058,148,900",0
052260,SK바이오랜드,"29,350","200","0.69","17,526,867,500","440,250,000,000",0
048550,SM C&C,"1,755","-45","-2.50","1,809,002,900","166,040,760,600",0
063440,SM Life Design,"1,910","-55","-2.80","4,204,565,455","86,005,684,140",0
289080,SV인베스트먼트,"3,485","-10","-0.29","7,062,940,785","185,520,490,000",0
089230,THE E&M,"695","-25","-3.47","642,864,994","86,421,982,320",0
161570,THE MIDONG,"1,820","15","0.83","100,261,415","25,101,050,520",0
032540,TJ미디어,"2,700","-35","-1.28","50,526,285","37,615,344,300",0
048770,TPC,"3,670","-30","-0.81","314,071,770","49,472,612,920",0
246690,TS인베스트먼트,"2,310","-25","-1.07","248,487,905","54,167,280,090",0
038340,UCI,"2,510","-290","-10.36","1,989,460,870","83,119,706,710",0
073570,WI,"1,735","-10","-0.57","1,448,371,915","126,471,369,335",0
052300,W홀딩컴퍼니,"246","-2","-0.81","324,598,577","57,174,850,878",0
057030,YBM넷,"7,260","-220","-2.94","4,347,839,890","118,430,180,220",0
040300,YTN,"2,575","255","10.99","8,330,851,305","108,150,000,000",0
051390,YW,"3,725","0","0.00","54,547,755","42,298,745,800",0
052220,iMBC,"2,655","-45","-1.67","2,000,941,290","61,065,000,000",0
079940,가비아,"16,250","-550","-3.27","6,044,021,900","219,954,865,000",0
078890,가온미디어,"6,050","-40","-0.66","722,760,890","91,199,472,650",0
192410,감마누,"-","0","0.00","0","9,969,806,400",0
217730,강스템바이오텍,"9,100","50","0.55","14,459,700,380","190,912,876,700",0
114190,강원,"-","0","0.00","0","45,387,277,500",0
094480,갤럭시아컴즈,"4,665","95","2.08","3,783,846,345","183,007,194,270",0
063080,게임빌,"32,850","-400","-1.20","971,463,900","216,652,057,200",0
044480,경남바이오파마,"5,630","180","3.30","5,399,569,340","80,235,995,670",0
039240,경남스틸,"1,740","-10","-0.57","180,352,235","43,500,000,000",0
053950,경남제약,"8,170","160","2.00","7,370,141,820","142,505,772,390",0
223310,경남제약헬스케어,"-","0","0.00","0","37,836,250,520",0
011040,경동제약,"17,300","3,200","22.70","34,968,776,350","459,315,000,000",0
024910,경창산업,"1,040","-10","-0.95","199,091,045","37,251,765,200",0
198440,고려시멘트,"3,445","15","0.44","7,398,623,080","110,170,962,200",0
049720,고려신용정보,"5,460","-40","-0.73","370,850,020","78,078,000,000",0
014570,고려제약,"12,500","-550","-4.21","40,809,094,250","137,500,000,000",0
098460,고영,"95,300","-900","-0.94","3,903,674,300","1,308,559,630,300",0
038530,골드퍼시픽,"1,390","-10","-0.71","965,074,160","62,047,364,880",0
215000,골프존,"73,200","-2,000","-2.66","4,914,066,300","459,360,378,000",0
121440,골프존뉴딘홀딩스,"5,850","-30","-0.51","608,187,160","250,595,385,300",0
014200,광림,"1,665","-15","-0.89","312,908,235","88,115,519,610",0
026910,광진실업,"2,935","-10","-0.34","51,431,745","18,799,863,675",0
090150,광진윈텍,"2,885","-65","-2.20","130,855,320","27,864,463,805",0
307280,교보8호스팩,"2,105","5","0.24","9,173,210","7,830,600,000",0
331520,교보9호스팩,"2,000","-5","-0.25","2,982,165","7,760,000,000",0
053270,구영테크,"1,580","-20","-1.25","1,211,841,460","41,702,794,920",0
066620,국보디자인,"15,800","150","0.96","161,564,250","118,500,000,000",0
043650,국순당,"3,835","0","0.00","257,866,865","68,486,595,840",0
006050,국영지앤엠,"2,400","-35","-1.44","1,835,173,775","83,748,583,200",0
060480,국일신동,"3,365","-115","-3.30","465,473,550","37,317,850,000",0
078130,국일제지,"5,420","-80","-1.45","16,538,259,190","684,808,241,280",0
204020,그리티,"2,750","100","3.77","3,677,582,875","55,405,432,500",0
186230,그린플러스,"15,300","-300","-1.92","5,572,645,000","73,958,226,300",0
204620,글로벌텍스프리,"2,700","-20","-0.74","335,568,020","104,747,415,300",0
019660,글로본,"3,050","-50","-1.61","623,670,975","88,703,564,800",0
032860,글로스퍼랩스,"279","-9","-3.12","555,699,211","20,522,916,360",0
053260,금강철강,"3,205","155","5.08","238,527,590","59,997,600,000",0
036190,금화피에스시,"24,400","0","0.00","95,313,150","146,400,000,000",0
049080,기가레인,"1,100","-20","-1.79","406,845,970","57,503,732,000",0
035460,기산텔레콤,"2,905","-90","-3.01","747,658,770","42,347,172,700",0
308100,까스텔바작,"11,350","-200","-1.73","341,137,800","74,872,545,000",0
187790,나노,"1,560","-45","-2.80","2,049,727,020","40,244,653,800",0
286750,나노브릭,"18,500","500","2.78","2,548,375,650","84,361,905,500",0
151910,나노스,"4,360","-10","-0.23","3,746,314,805","648,006,512,920",0
121600,나노신소재,"29,050","-1,000","-3.33","40,355,408,050","315,144,073,650",0
039860,나노엔텍,"10,650","-200","-1.84","12,362,643,100","285,025,172,550",0
091970,나노캠텍,"1,690","-65","-3.70","591,070,705","43,441,668,010",0
051490,나라엠앤디,"6,720","-350","-4.95","2,170,977,140","95,424,000,000",0
190510,나무가,"17,200","300","1.78","8,968,663,050","118,182,748,000",0
242040,나무기술,"3,450","-125","-3.50","2,168,629,960","110,901,857,700",0
089600,나스미디어,"30,100","650","2.21","1,770,274,750","263,516,199,100",0
293580,나우IB,"6,330","180","2.93","2,638,431,900","60,008,400,000",0
138610,나이벡,"16,050","1,900","13.43","51,433,549,900","158,942,812,950",0
130580,나이스디앤비,"12,100","-100","-0.82","228,947,900","186,340,000,000",0
036800,나이스정보통신,"24,550","-400","-1.60","398,406,650","245,500,000,000",0
267320,나인테크,"2,405","-45","-1.84","8,735,807,750","89,289,362,370",0
111710,남화산업,"13,200","0","0.00","1,046,636,150","271,761,600,000",0
091590,남화토건,"14,600","-150","-1.02","2,109,042,150","171,404,000,000",0
168330,내츄럴엔도텍,"-","0","0.00","0","52,181,200,550",0
056000,네스엠,"1,820","-60","-3.19","362,204,475","25,728,612,000",0
253590,네오셈,"2,910","80","2.83","3,720,551,510","109,230,889,080",0
212560,네오오토,"4,350","-20","-0.46","59,238,010","34,256,089,050",0
095660,네오위즈,"27,150","950","3.63","13,025,232,400","594,992,467,200",0
042420,네오위즈홀딩스,"15,350","-50","-0.32","463,470,950","135,952,893,100",0
311390,네오크레마,"7,770","190","2.51","943,400,180","56,752,041,150",0
085910,네오티스,"3,845","70","1.85","78,855,875","42,347,591,910",0
092730,네오팜,"31,350","-50","-0.16","1,303,081,500","257,300,767,350",0
290660,네오펙트,"4,975","-25","-0.50","668,450,035","60,461,796,875",0
306620,네온테크,"2,770","-110","-3.82","959,872,075","102,736,973,200",0
153460,네이블,"4,585","50","1.10","32,888,535","29,940,114,190",0
007390,네이처셀,"9,260","-160","-1.70","8,966,063,680","566,623,094,740",0
033640,네패스,"30,300","-900","-2.88","17,452,901,650","698,693,820,600",0
089140,넥스턴,"7,700","40","0.52","202,149,750","91,218,204,000",0
065170,넥스트BT,"1,985","15","0.76","2,294,551,485","131,513,878,355",0
137940,넥스트아이,"1,230","-20","-1.60","316,981,795","94,852,892,790",0
041140,넥슨지티,"12,400","0","0.00","6,693,877,850","438,629,192,800",0
217270,넵튠,"9,800","-300","-2.97","2,686,806,730","229,027,430,800",0
225570,넷게임즈,"9,030","340","3.91","1,986,490,170","260,414,652,960",0
104620,노랑풍선,"12,900","-250","-1.90","372,220,950","61,476,885,000",0
194700,노바렉스,"39,300","-1,250","-3.08","4,421,803,800","353,846,982,000",0
285490,노바텍,"25,000","2,950","13.38","46,929,760,750","125,408,450,000",0
278650,노터스,"25,850","50","0.19","5,347,469,550","196,572,912,800",0
144510,녹십자랩셀,"52,800","-1,100","-2.04","10,108,313,100","557,254,051,200",0
031390,녹십자셀,"42,300","300","0.71","9,813,942,700","512,301,645,000",0
142280,녹십자엠에스,"10,950","-100","-0.90","9,965,903,750","231,234,248,850",0
234690,녹십자웰빙,"11,700","150","1.30","13,686,588,300","207,701,629,200",0
065560,녹원씨엔아이,"-","0","0.00","0","94,933,437,500",0
054050,농우바이오,"10,800","0","0.00","2,355,350,250","173,130,058,800",0
040160,누리텔레콤,"6,630","-130","-1.92","539,337,810","79,928,197,050",0
069140,누리플랜,"4,890","-5","-0.10","109,596,210","27,764,940,780",0
126870,뉴로스,"2,960","-100","-3.27","1,407,106,900","69,607,407,360",0
060260,뉴보텍,"1,855","-80","-4.13","12,287,926,185","62,019,606,250",0
012340,뉴인텍,"1,665","-50","-2.92","985,892,345","50,024,095,830",0
214870,뉴지랩,"12,650","50","0.40","6,502,516,750","332,181,384,700",0
270870,뉴트리,"25,850","-350","-1.34","2,008,721,200","234,529,915,400",0
144960,뉴파워프라즈마,"5,600","-280","-4.76","5,882,902,350","231,569,436,000",0
085670,뉴프렉스,"1,425","-15","-1.04","162,372,910","30,147,355,575",0
119860,다나와,"29,500","50","0.17","1,312,007,100","385,707,249,000",0
064260,다날,"3,650","-60","-1.62","3,360,746,650","245,443,060,100",0
093640,다믈멀티미디어,"2,975","-25","-0.83","367,980,775","32,125,644,600",0
039560,다산네트웍스,"11,700","-550","-4.49","25,702,971,100","375,315,969,600",0
032190,다우데이타,"13,550","-600","-4.24","5,129,274,600","518,965,000,000",0
068240,다원시스,"18,550","450","2.49","33,444,962,600","499,591,994,650",0
020400,대동금속,"8,220","-90","-1.08","67,016,580","21,435,384,420",0
008830,대동기어,"2,730","-60","-2.15","19,629,100","24,535,929,600",0
048470,대동스틸,"5,080","-30","-0.59","188,702,250","50,800,000,000",0
004780,대륙제관,"4,660","50","1.08","389,025,960","74,108,907,340",0
017650,대림제지,"6,870","-170","-2.41","492,612,160","61,830,000,000",0
007720,대명소노시즌,"1,070","-10","-0.93","255,282,490","107,856,481,500",0
317850,대모,"5,530","150","2.79","3,506,520,130","46,034,042,600",0
290670,대보마그네틱,"32,900","-1,150","-3.38","2,853,399,800","217,698,411,700",0
078140,대봉엘에스,"12,100","350","2.98","3,443,106,550","134,147,605,900",0
036480,대성미생물,"18,200","850","4.90","7,754,306,250","69,160,000,000",0
025440,대성엘텍,"704","-8","-1.12","511,704,078","70,161,585,472",0
027830,대성창투,"1,720","-25","-1.43","437,843,050","68,800,000,000",0
104040,대성파인텍,"1,415","-25","-1.74","1,702,365,130","44,291,312,615",0
307750,대신밸런스제6호스팩,"-","0","0.00","0","10,320,600,000",0
332290,대신밸런스제7호스팩,"2,000","-5","-0.25","200,000","10,410,000,000",0
336570,대신밸런스제8호스팩,"1,995","0","0.00","38,224,210","11,191,950,000",0
020180,대신정보통신,"1,180","-10","-0.84","774,624,015","45,346,119,700",0
045390,대아티아이,"6,530","-140","-2.10","23,478,128,260","464,619,438,660",0
108380,대양전기공업,"11,400","200","1.79","246,965,650","109,067,596,200",0
006580,대양제지,"2,800","-55","-1.93","485,449,335","75,180,000,000",0
007680,대원,"8,550","30","0.35","71,018,560","99,074,236,500",0
048910,대원미디어,"6,130","-130","-2.08","444,232,070","77,108,938,980",0
005710,대원산업,"4,925","-35","-0.71","233,489,885","98,685,180,000",0
290380,대유,"18,200","350","1.96","6,889,276,250","164,753,680,000",0
290120,대유에이피,"6,150","20","0.33","274,536,020","66,936,600,000",0
120240,대정화금,"19,400","1,000","5.43","53,194,432,750","137,747,585,400",0
003310,대주산업,"1,560","-85","-5.17","6,109,557,550","55,212,066,000",0
078600,대주전자재료,"40,800","-1,450","-3.43","61,225,816,700","605,067,100,800",0
096350,대창솔루션,"305","-4","-1.29","740,280,369","49,345,531,235",0
140520,대창스틸,"2,075","0","0.00","67,852,925","41,500,000,000",0
131220,대한과학,"5,770","-10","-0.17","1,529,708,660","43,012,407,300",0
010170,대한광통신,"3,820","-75","-1.93","7,532,738,050","281,693,007,500",0
054670,대한뉴팜,"13,500","1,300","10.66","121,392,671,650","193,791,420,000",0
023910,대한약품,"29,900","200","0.67","3,292,873,550","179,400,000,000",0
021040,대호피앤씨,"702","0","0.00","88,345,093","51,325,203,852",0
067080,대화제약,"14,750","250","1.72","47,576,589,650","268,818,366,500",0
035290,더블유에프엠,"-","0","0.00","0","30,199,109,750",0
213420,덕산네오룩스,"34,200","50","0.15","8,993,459,900","821,142,410,400",0
317330,덕산테코피아,"14,200","400","2.90","3,538,403,850","260,959,477,600",0
077360,덕산하이메탈,"7,760","-10","-0.13","453,962,710","176,295,567,760",0
090410,덕신하우징,"1,390","-15","-1.07","634,031,190","61,440,175,350",0
263600,덕우전자,"8,030","-240","-2.90","2,801,614,690","127,920,389,300",0
194480,데브시스터즈,"8,980","100","1.13","72,483,970","100,615,242,600",0
263800,데이타솔루션,"8,310","-220","-2.58","5,130,022,250","131,369,299,800",0
139050,데일리블록체인,"557","-14","-2.45","470,014,069","29,439,313,165",0
206560,덱스터,"4,840","-60","-1.22","819,420,865","122,684,978,240",0
261200,덴티스,"1,995","-5","-0.25","1,219,802,890","145,177,692,135",0
067990,도이치모터스,"6,340","-90","-1.40","1,047,755,950","177,756,767,300",0
006620,동구바이오제약,"26,000","-2,000","-7.14","22,013,729,400","249,704,000,000",0
100130,동국S&C,"7,210","0","0.00","34,140,748,620","412,001,030,000",0
005160,동국산업,"3,620","-65","-1.76","4,632,089,060","196,365,024,840",0
075970,동국알앤에스,"2,460","10","0.41","1,183,217,940","45,264,000,000",0
086450,동국제약,"157,000","14,600","10.25","22,701,839,000","1,396,044,000,000",0
099410,동방선기,"3,765","-95","-2.46","3,007,195,020","50,981,872,530",0
033500,동성화인텍,"9,470","-80","-0.84","2,229,662,260","255,534,777,230",0
025950,동신건설,"12,950","250","1.97","6,493,648,600","108,780,000,000",0
088130,동아엘텍,"7,190","-110","-1.51","271,760,830","76,666,524,220",0
041930,동아화성,"8,440","-250","-2.88","9,634,047,100","133,352,000,000",0
060380,동양에스텍,"2,695","-70","-2.53","37,399,410","26,950,000,000",0
079960,동양이엔피,"13,650","-300","-2.15","1,248,335,950","107,289,000,000",0
228340,동양파일,"2,150","15","0.70","298,221,515","43,000,000,000",0
088910,동우팜투테이블,"3,385","-15","-0.44","484,454,290","87,440,521,140",0
094170,동운아나텍,"5,290","-210","-3.82","1,579,464,530","83,364,432,880",0
013120,동원개발,"3,540","20","0.57","437,809,105","321,460,674,000",0
109860,동일금속,"11,300","-50","-0.44","79,955,200","79,100,000,000",0
032960,동일기연,"9,450","-30","-0.32","60,603,960","32,199,070,050",0
023790,동일철강,"2,930","-30","-1.01","80,666,890","21,521,099,050",0
005290,동진쎄미켐,"30,700","-950","-3.00","47,450,306,750","1,578,424,965,800",0
025900,동화기업,"47,300","-1,650","-3.37","18,600,573,450","955,383,468,600",0
073190,듀오백,"2,360","20","0.85","82,393,960","28,244,574,400",0
030350,드래곤플라이,"2,830","-120","-4.07","824,922,560","45,304,029,530",0
203650,드림시큐리티,"3,390","-30","-0.88","3,424,676,735","171,553,506,060",0
223250,드림씨아이에스,"24,700","-2,450","-9.02","5,344,760,450","137,476,989,000",0
060570,드림어스컴퍼니,"5,030","-10","-0.20","570,929,625","286,005,030,410",0
217620,디딤,"1,270","-30","-2.31","170,732,195","46,992,419,350",0
187870,디바이스이엔지,"19,250","-450","-2.28","3,610,440,800","135,454,723,250",0
066670,디스플레이텍,"3,255","65","2.04","155,270,690","60,842,193,090",0
110990,디아이티,"6,870","-160","-2.28","338,440,430","129,843,000,000",0
263690,디알젬,"21,000","-150","-0.71","14,515,474,650","237,837,810,000",0
214680,디알텍,"1,655","40","2.48","3,863,240,855","85,699,777,665",0
263720,디앤씨미디어,"33,800","400","1.20","6,846,702,400","414,898,751,800",0
109740,디에스케이,"7,000","60","0.86","386,032,040","142,483,341,000",0
033430,디에스티,"-","0","0.00","0","23,750,763,610",0
131030,디에이치피코리아,"8,140","-70","-0.85","2,840,938,690","134,837,447,580",0
196490,디에이테크놀로지,"1,390","5","0.36","2,968,982,990","93,820,841,120",0
066900,디에이피,"2,990","-165","-5.23","415,349,330","68,006,063,970",0
127120,디엔에이링크,"7,760","200","2.65","5,899,901,030","102,962,605,520",0
092070,디엔에프,"14,800","-550","-3.58","3,820,553,800","159,275,054,400",0
134580,디엠티,"1,720","-5","-0.29","50,949,600","19,350,000,000",0
039840,디오,"25,700","-750","-2.84","1,909,652,550","398,956,571,400",0
196450,디오스텍,"-","0","0.00","0","59,184,398,259",0
104460,디와이피엔에프,"10,050","0","0.00","848,480,860","107,671,931,250",0
079810,디이엔티,"6,970","-210","-2.92","2,454,252,300","90,866,907,230",0
227100,디자인,"14,950","200","1.36","3,819,889,750","48,229,073,750",0
113810,디젠스,"439","-4","-0.90","61,585,415","14,323,714,389",0
043360,디지아이,"2,260","-95","-4.03","280,091,865","20,340,000,000",0
197140,디지캡,"4,050","160","4.11","1,375,694,335","30,007,758,150",0
106520,디지탈옵틱,"650","13","2.04","1,146,466,105","60,246,226,950",0
068930,디지털대성,"6,100","-70","-1.13","394,387,990","138,309,710,300",0
033130,디지틀조선,"3,160","-5","-0.16","7,239,257,960","117,284,243,720",0
033310,디케이디앤아이,"5,390","50","0.94","1,760,799,340","118,431,295,290",0
105740,디케이락,"9,700","-220","-2.22","4,287,166,700","81,964,146,400",0
263020,디케이앤디,"4,975","-245","-4.69","310,693,750","38,621,929,950",0
290550,디케이티,"22,950","-1,500","-6.13","12,109,270,000","188,909,092,350",0
187220,디티앤씨,"5,830","-100","-1.69","195,562,940","63,847,285,810",0
131180,딜리,"1,550","-10","-0.64","63,382,330","45,492,500,000",0
317120,라닉스,"7,780","-120","-1.52","1,263,843,590","73,408,190,000",0
042510,라온시큐어,"3,635","-175","-4.59","4,153,492,405","115,627,939,620",0
300120,라온피플,"24,750","-150","-0.60","2,835,160,450","255,629,286,000",0
036170,라이브파이낸셜,"1,480","0","0.00","225,702,055","58,810,496,560",0
050120,라이브플렉스,"688","-12","-1.71","3,335,653,200","75,626,512,128",0
171120,라이온켐텍,"7,870","-80","-1.01","96,989,340","148,692,443,120",0
069540,라이트론,"-","0","0.00","0","100,561,449,660",0
214260,라파스,"24,550","450","1.87","6,732,746,600","205,960,162,800",0
171010,램테크놀러지,"7,350","-220","-2.91","1,925,070,000","85,311,214,800",0
084650,랩지노믹스,"40,450","1,200","3.06","731,797,092,650","451,578,177,450",0
217500,러셀,"2,020","-60","-2.88","1,033,012,480","64,260,240,000",0
033600,럭슬,"-","0","0.00","0","7,308,230,437",0
141080,레고켐바이오,"57,900","-300","-0.52","118,043,619,600","1,371,292,367,400",0
060300,레드로버,"-","0","0.00","0","35,158,995,780",0
038390,레드캡투어,"12,950","800","6.58","1,722,794,200","111,233,766,000",0
294140,레몬,"14,850","-350","-2.30","7,584,318,950","512,325,000,000",0
228670,레이,"47,350","350","0.74","3,608,157,950","315,032,192,450",0
228850,레이언스,"11,300","-200","-1.74","548,154,950","187,478,458,200",0
281740,레이크머티리얼즈,"2,580","90","3.61","11,312,900,430","169,584,813,840",0
238120,로고스바이오,"10,500","1,110","11.82","5,463,877,600","37,744,602,000",0
215100,로보로보,"6,060","-30","-0.49","6,353,887,380","107,858,631,240",0
090360,로보스타,"14,250","50","0.35","777,129,300","138,937,500,000",0
108490,로보티즈,"12,650","-450","-3.44","1,599,243,350","142,325,150,000",0
067730,로지시스,"3,880","-155","-3.84","351,170,140","36,242,777,360",0
071280,로체시스템즈,"5,140","-120","-2.28","939,791,620","78,624,539,420",0
038060,루멘스,"1,690","-35","-2.03","322,857,200","80,644,687,500",0
082800,루미마이크로,"1,745","-5","-0.29","4,985,990,230","231,640,059,900",0
085370,루트로닉,"6,000","-70","-1.15","1,336,388,970","153,764,406,000",0
060240,룽투코리아,"4,880","-20","-0.41","1,276,807,165","124,094,905,920",0
058470,리노공업,"128,800","2,100","1.66","9,428,366,000","1,963,217,256,000",0
039980,리노스,"1,210","-5","-0.41","244,111,915","50,264,133,260",0
019570,리더스 기술투자,"485","17","3.63","117,326,858","37,652,722,800",0
016100,리더스코스메틱,"3,955","80","2.06","271,910,130","71,931,222,370",0
012700,리드코프,"6,760","280","4.32","4,397,753,730","178,775,872,600",0
302550,리메드,"30,100","-900","-2.90","3,976,496,400","183,276,371,600",0
277070,린드먼아시아,"4,870","-55","-1.12","179,700,900","65,745,000,000",0
042500,링네트,"4,850","-90","-1.82","1,164,023,595","73,801,858,300",0
219420,링크제니시스,"6,590","-90","-1.35","438,159,940","65,900,000,000",0
195500,마니커에프앤지,"9,690","-10","-0.10","3,321,843,900","104,341,920,000",0
305090,마이크로디지탈,"14,350","-700","-4.65","2,660,969,300","104,203,960,000",0
098120,마이크로컨텍솔,"4,585","-145","-3.07","890,263,005","38,114,032,110",0
227950,마이크로텍,"3,035","-25","-0.82","1,069,640,335","121,085,364,585",0
147760,마이크로프랜드,"6,260","-440","-6.57","3,175,918,840","67,732,361,160",0
169330,마크로밀엠브레인,"9,210","-380","-3.96","2,099,896,540","82,599,507,390",0
038290,마크로젠,"32,900","550","1.70","19,463,322,100","349,123,416,600",0
267980,매일유업,"75,500","-400","-0.53","1,318,526,600","592,194,669,000",0
005990,매일홀딩스,"8,450","-70","-0.82","125,856,740","115,919,668,800",0
127160,매직마이크로,"554","-23","-3.99","500,984,180","35,827,164,488",0
093520,매커스,"4,060","100","2.53","429,509,840","65,622,153,520",0
141070,맥스로텍,"1,240","25","2.06","1,555,864,665","39,210,102,000",0
100590,머큐리,"10,700","-100","-0.93","2,342,059,350","157,970,520,000",0
067280,멀티캠퍼스,"30,450","150","0.50","152,790,400","180,470,420,550",0
072870,메가스터디,"10,250","50","0.49","536,661,350","122,189,829,750",0
215200,메가스터디교육,"33,950","-250","-0.73","1,907,410,850","401,352,826,000",0
133750,메가엠디,"3,395","-105","-3.00","1,011,670,290","78,414,576,415",0
235980,메드팩토,"82,000","1,100","1.36","68,172,218,700","1,667,457,044,000",0
041920,메디아나,"20,350","-950","-4.46","7,492,555,600","176,037,593,600",0
014100,메디앙스,"-","0","0.00","0","49,501,000,000",0
086900,메디톡스,"171,900","-3,400","-1.94","35,199,781,600","1,027,523,483,100",0
047920,메디포럼제약,"5,810","360","6.61","4,695,175,200","81,589,086,320",0
078160,메디포스트,"25,550","150","0.59","7,751,010,350","399,035,863,100",0
065650,메디프론,"4,890","-60","-1.21","9,568,459,660","181,907,364,300",0
021880,메이슨캐피탈,"282","-4","-1.40","145,818,193","27,970,003,056",0
140410,메지온,"172,500","-2,000","-1.15","12,035,698,300","1,501,776,720,000",0
241770,메카로,"12,600","-300","-2.33","1,153,016,750","127,288,224,000",0
059210,메타바이오메드,"2,700","-80","-2.88","5,756,720,845","64,428,347,700",0
327260,메탈라이프,"20,150","-850","-4.05","1,461,694,100","72,471,248,200",0
058110,멕아이씨에스,"36,550","1,250","3.54","12,324,282,700","243,045,877,100",0
096640,멜파스,"1,195","-20","-1.65","63,643,425","34,768,161,720",0
257370,명성티엔에스,"15,200","-100","-0.65","2,792,595,750","96,824,000,000",0
080420,모다이노칩,"2,350","-60","-2.49","122,564,315","187,345,811,700",0
080160,모두투어,"11,050","0","0.00","1,631,416,000","208,845,000,000",0
100030,모바일리더,"15,500","-350","-2.21","251,258,950","50,897,567,000",0
087260,모바일어플라이언스,"3,510","-125","-3.44","3,673,566,885","105,300,000,000",0
101330,모베이스,"3,435","0","0.00","492,203,490","82,296,375,780",0
012860,모베이스전자,"1,505","-30","-1.95","882,967,755","78,260,000,000",0
250060,모비스,"2,540","-95","-3.61","1,598,360,390","81,715,137,560",0
033200,모아텍,"4,715","-35","-0.74","3,033,960","67,571,537,275",0
118990,모트렉스,"3,480","-20","-0.57","1,671,174,255","129,931,127,880",0
006920,모헨즈,"4,775","475","11.05","28,810,368,420","52,143,000,000",0
001810,무림SP,"1,920","-45","-2.29","65,250,190","42,504,000,000",0
279600,미디어젠,"6,350","90","1.44","153,844,950","29,453,084,350",0
028040,미래SCI,"-","0","0.00","0","12,549,281,058",0
095500,미래나노텍,"3,135","40","1.29","593,814,285","75,876,129,120",0
218150,미래생명자원,"3,640","230","6.74","11,997,634,865","67,963,997,920",0
328380,미래에셋대우스팩3호,"2,015","0","0.00","14,805,230","13,061,230,000",0
333430,미래에셋대우스팩4호,"2,000","-5","-0.25","0","8,780,000,000",0
100790,미래에셋벤처투자,"3,465","10","0.29","939,095,300","159,392,851,695",0
049950,미래컴퍼니,"26,300","250","0.96","2,403,971,150","219,928,647,800",0
213090,미래테크놀로지,"8,070","60","0.75","40,120,510","49,394,759,160",0
207760,미스터블루,"12,850","-650","-4.81","9,562,804,450","315,017,801,400",0
059090,미코,"14,050","700","5.24","216,795,077,000","439,998,272,150",0
201490,미투온,"7,600","190","2.56","5,695,108,480","237,559,052,000",0
214180,민앤지,"14,150","350","2.54","4,680,081,550","174,929,035,400",0
206640,바디텍메드,"20,250","-300","-1.46","12,312,671,900","475,420,407,750",0
018700,바른손,"2,810","50","1.81","8,127,739,365","82,814,878,470",0
035620,바른손이앤에이,"1,645","-45","-2.66","4,048,705,970","120,863,912,435",0
064520,바른전자,"-","0","0.00","0","74,054,909,385",0
029480,바른테크놀로지,"478","9","1.92","65,303,560","29,605,066,230",0
053030,바이넥스,"18,950","250","1.34","270,389,212,750","601,492,859,600",0
064550,바이오니아,"15,500","150","0.98","20,220,962,450","352,426,460,500",0
208710,바이오로그디바이스,"1,810","-50","-2.69","888,233,040","52,255,346,170",0
142760,바이오리더스,"7,980","130","1.66","5,688,112,960","153,100,489,500",0
065940,바이오빌,"125","-21","-14.38","2,608,432,849","5,498,398,250",0
086820,바이오솔루션,"29,050","500","1.75","8,599,453,000","235,055,925,300",0
038460,바이오스마트,"6,170","-110","-1.75","15,132,249,460","123,941,726,000",0
086040,바이오톡스텍,"10,400","-200","-1.89","16,062,321,550","151,711,279,200",0
032980,바이온,"997","-3","-0.30","378,710,258","59,015,648,316",0
043150,바텍,"20,400","-100","-0.49","1,482,813,000","303,026,822,400",0
267790,배럴,"8,800","-200","-2.22","638,757,230","69,392,400,000",0
046310,백금T&A,"2,890","20","0.70","798,448,005","46,955,607,350",0
036620,버추얼텍,"800","9","1.14","92,100,328","48,447,581,600",0
066410,버킷스튜디오,"1,585","-50","-3.06","516,295,990","50,136,846,800",0
019010,베뉴지,"1,570","-30","-1.88","192,403,200","75,674,000,000",0
177350,베셀,"3,355","-65","-1.90","609,112,210","37,550,394,640",0
299910,베스파,"11,700","-350","-2.90","361,500,600","94,438,749,600",0
225530,보광산업,"5,990","480","8.71","14,103,337,670","216,303,889,670",0
250000,보라티알,"9,090","-230","-2.47","2,396,739,800","61,364,162,970",0
006910,보성파워텍,"1,820","-35","-1.89","1,169,121,670","83,852,967,380",0
226340,본느,"2,495","-55","-2.16","443,954,740","76,595,492,020",0
014470,부방,"2,145","-45","-2.05","650,435,250","128,812,097,700",0
008470,부스타,"4,560","20","0.44","397,696,610","38,325,888,000",0
100120,뷰웍스,"35,450","-550","-1.53","1,819,773,450","354,566,114,250",0
066980,브레인콘텐츠,"611","-15","-2.40","770,302,652","96,793,569,691",0
064480,브리지텍,"3,240","-10","-0.31","326,498,150","38,726,100,000",0
288330,브릿지바이오테라퓨틱스,"40,400","-1,250","-3.00","3,337,799,150","258,037,143,200",0
251630,브이원텍,"7,430","-180","-2.37","945,522,680","111,825,809,400",0
018290,브이티지엠피,"8,630","-280","-3.14","4,688,611,140","293,437,959,030",0
263920,블러썸엠앤씨,"-","0","0.00","0","62,509,048,460",0
033560,블루콤,"7,820","350","4.69","2,629,415,050","141,448,527,540",0
121800,비덴트,"5,940","-80","-1.33","1,544,121,000","201,909,646,620",0
148140,비디아이,"8,000","-570","-6.65","12,689,360,680","135,045,008,000",0
200780,비씨월드제약,"19,600","-550","-2.73","19,418,947,300","174,290,726,400",0
141000,비아트론,"9,730","-320","-3.18","1,587,087,080","117,876,128,300",0
090460,비에이치,"22,100","-1,000","-4.33","33,707,382,700","728,923,106,600",0
083650,비에이치아이,"2,375","-40","-1.66","363,822,110","61,750,000,000",0
086670,비엠티,"8,530","-250","-2.85","788,131,320","69,489,892,370",0
138580,비즈니스온,"16,000","-250","-1.54","1,530,877,150","152,719,040,000",0
082920,비츠로셀,"18,850","-450","-2.33","2,501,684,070","406,013,015,200",0
054220,비츠로시스,"-","0","0.00","0","121,326,164,750",0
042370,비츠로테크,"6,670","-80","-1.19","1,152,285,080","149,100,332,910",0
032850,비트컴퓨터,"11,350","-400","-3.40","6,869,504,750","188,674,375,550",0
238200,비피도,"18,200","-100","-0.55","356,936,550","74,438,000,000",0
093190,빅솔론,"4,940","-100","-1.98","1,350,703,410","95,040,190,700",0
065450,빅텍,"7,330","170","2.37","162,683,682,100","203,267,372,390",0
072950,빛샘전자,"5,250","-200","-3.67","1,050,747,890","31,500,000,000",0
143240,사람인에이치알,"26,500","450","1.73","901,359,100","308,970,469,500",0
100090,삼강엠앤티,"8,210","720","9.61","64,607,126,960","257,286,195,080",0
122350,삼기오토모티브,"2,770","-40","-1.42","1,589,863,950","101,515,901,800",0
014970,삼륭물산,"8,050","50","0.62","1,049,658,780","121,756,250,000",0
018310,삼목에스폼,"7,780","-180","-2.26","142,345,970","114,366,000,000",0
053700,삼보모터스,"4,870","-190","-3.75","1,065,729,990","81,728,471,490",0
009620,삼보산업,"662","-36","-5.16","473,212,518","25,217,066,852",0
023600,삼보판지,"7,590","-30","-0.39","229,692,930","122,730,300,000",0
111870,삼본전자,"1,355","-25","-1.81","686,560,700","95,602,839,355",0
309930,삼성머스트스팩3호,"2,180","-5","-0.23","64,121,520","10,006,200,000",0
291230,삼성스팩2호,"2,005","0","0.00","32,874,895","15,137,750,000",0
009300,삼아제약,"19,500","-1,300","-6.25","7,663,386,950","124,215,000,000",0
225190,삼양옵틱스,"9,380","-70","-0.74","129,868,990","94,644,200,000",0
054540,삼영엠텍,"4,190","35","0.84","6,306,879,315","54,470,000,000",0
065570,삼영이엔씨,"7,200","-90","-1.23","699,461,700","63,360,000,000",0
073640,삼원테크,"1,835","60","3.38","679,236,390","107,168,429,690",0
032280,삼일,"1,830","0","0.00","49,957,885","29,670,869,700",0
002290,삼일기업공사,"2,795","10","0.36","149,003,080","34,658,000,000",0
037460,삼지전자,"10,800","-250","-2.26","3,268,473,450","176,240,037,600",0
032750,삼진,"9,320","-100","-1.06","515,533,530","55,920,000,000",0
054090,삼진엘앤디,"2,825","-100","-3.42","3,436,713,065","70,509,830,400",0
000250,삼천당제약,"45,250","-1,550","-3.31","25,538,002,400","1,009,277,946,250",0
024950,삼천리자전거,"11,850","-350","-2.87","4,596,982,300","157,291,887,450",0
038500,삼표시멘트,"3,590","-120","-3.23","23,227,432,505","385,412,251,070",0
017480,삼현철강,"3,655","-35","-0.95","262,899,115","57,394,062,950",0
046390,삼화네트웍스,"1,410","10","0.71","167,385,705","60,873,835,530",0
027580,상보,"1,025","5","0.49","1,492,948,949","47,865,446,925",0
038540,상상인,"6,100","-150","-2.40","2,132,254,490","337,502,709,300",0
307870,상상인이안1호스팩,"2,005","0","0.00","0","9,523,750,000",0
329560,상상인이안제2호스팩,"2,005","0","0.00","26,895,520","7,719,250,000",0
101000,상상인인더스트리,"858","-13","-1.49","142,627,542","54,329,077,374",0
091580,상신이디피,"8,990","-160","-1.75","2,164,003,890","113,858,799,500",0
263810,상신전자,"3,280","-50","-1.50","449,243,700","46,722,675,040",0
089980,상아프론테크,"37,850","-200","-0.53","17,818,903,200","595,182,355,250",0
042940,상지카일룸,"1,500","40","2.74","893,094,935","78,206,152,500",0
042600,새로닉스,"3,625","-70","-1.89","220,166,405","45,035,455,750",0
263540,샘코,"-","0","0.00","0","21,385,084,175",0
294630,서남,"3,650","-75","-2.01","846,733,565","74,332,834,000",0
038070,서린바이오,"12,700","-450","-3.42","60,470,197,400","101,608,585,200",0
006730,서부T&D,"7,250","90","1.26","6,626,266,880","421,518,219,000",0
079650,서산,"2,755","145","5.56","21,068,945,320","55,100,000,000",0
100660,서암기계공업,"4,750","-135","-2.76","741,070,795","59,850,000,000",0
019770,서연탑메탈,"2,390","20","0.84","70,218,835","27,843,500,000",0
043710,서울리거,"1,080","-35","-3.14","166,799,325","37,695,944,160",0
092190,서울바이오시스,"21,500","1,550","7.77","247,876,989,050","821,808,539,500",0
046890,서울반도체,"14,500","-50","-0.34","28,036,713,500","845,428,300,000",0
063170,서울옥션,"4,215","-110","-2.54","238,319,555","71,307,262,500",0
027040,서울전자통신,"776","-24","-3.00","151,466,211","54,000,945,272",0
018680,서울제약,"11,300","-150","-1.31","8,007,241,750","95,886,138,700",0
093920,서원인텍,"7,220","-310","-4.12","1,807,752,930","134,292,000,000",0
189860,서전기전,"3,495","-55","-1.55","331,418,375","33,897,236,100",0
178320,서진시스템,"38,950","-1,250","-3.11","32,004,526,500","705,020,940,700",0
122690,서진오토모티브,"1,725","-25","-1.43","21,176,525","33,708,649,350",0
140070,서플러스글로벌,"2,620","-90","-3.32","739,539,505","96,908,560,000",0
011370,서한,"1,015","22","2.22","1,220,222,320","102,408,287,975",0
065710,서호전기,"21,500","0","0.00","900,938,700","110,725,000,000",0
035890,서희건설,"1,080","5","0.47","987,351,990","223,647,683,040",0
003100,선광,"16,200","-200","-1.22","166,990,350","106,920,000,000",0
123420,선데이토즈,"24,650","-250","-1.00","3,266,120,700","235,896,605,300",0
171090,선익시스템,"6,150","-150","-2.38","347,695,420","55,345,664,250",0
014620,성광벤드,"7,700","-140","-1.79","1,964,674,700","220,220,000,000",0
037350,성도이엔지,"3,660","-40","-1.08","114,289,610","56,620,200,000",0
081580,성우전자,"2,300","-20","-0.86","75,928,275","35,668,728,900",0
045300,성우테크론,"4,470","170","3.95","790,703,550","42,043,040,940",0
015750,성우하이텍,"2,945","-5","-0.17","1,265,081,940","235,600,000,000",0
080470,성창오토텍,"8,020","-70","-0.87","909,175,890","58,546,000,000",0
043260,성호전자,"699","-19","-2.65","149,512,563","24,883,032,057",0
148150,세경하이테크,"28,000","-950","-3.28","8,022,700,150","325,976,000,000",0
053060,세동,"520","-13","-2.44","122,239,151","11,133,720,000",0
017510,세명전기,"3,950","-70","-1.74","325,667,495","60,221,700,000",0
214310,세미콘라이트,"-","0","0.00","0","23,569,579,305",0
011560,세보엠이씨,"5,520","-90","-1.60","221,692,750","58,125,600,000",0
100700,세운메디칼,"3,700","-155","-4.02","7,300,766,065","162,060,000,000",0
234100,세원,"7,820","130","1.69","6,718,865,780","186,751,891,120",0
024830,세원물산,"-","0","0.00","0","52,438,000,000",0
258830,세종메디칼,"11,450","-150","-1.29","2,025,536,200","77,605,134,450",0
036630,세종텔레콤,"276","-1","-0.36","335,964,197","165,690,010,776",0
039310,세중,"2,675","-100","-3.60","699,034,995","48,475,459,225",0
067770,세진티에스,"2,555","-30","-1.16","18,478,320","21,453,295,115",0
053450,세코닉스,"4,860","0","0.00","293,914,055","57,363,945,660",0
234340,세틀뱅크,"28,000","50","0.18","1,694,457,600","259,476,000,000",0
252500,세화피앤씨,"4,640","15","0.32","3,515,420,920","96,248,424,800",0
051980,센트럴바이오,"657","-6","-0.90","144,103,015","30,422,312,730",0
049180,셀루메드,"-","0","0.00","0","177,612,320,860",0
299660,셀리드,"30,600","600","2.00","16,767,780,400","295,249,975,200",0
268600,셀리버리,"98,200","-2,500","-2.48","20,613,515,700","801,027,907,400",0
108860,셀바스AI,"2,960","-50","-1.66","763,968,140","65,285,597,200",0
208370,셀바스헬스케어,"2,060","-50","-2.37","165,118,550","44,661,961,840",0
068760,셀트리온제약,"126,700","300","0.24","90,420,104,300","4,536,720,546,400",0
091990,셀트리온헬스케어,"102,300","-700","-0.68","119,335,975,900","15,488,867,763,600",0
053110,소리바다,"469","-11","-2.29","685,201,122","44,999,136,434",0
032680,소프트센,"2,115","-25","-1.17","745,675,555","71,012,819,115",0
258790,소프트캠프,"1,895","-60","-3.07","960,242,910","47,358,483,180",0
066910,손오공,"1,710","10","0.59","409,430,835","45,992,435,310",0
043100,솔고바이오,"-","0","0.00","0","22,641,609,536",0
154040,솔루에타,"2,685","-20","-0.74","331,861,225","34,851,692,010",0
035610,솔본,"3,490","-105","-2.92","265,465,570","95,437,529,530",0
036830,솔브레인홀딩스,"-","0","0.00","0","1,668,494,188,900",0
304100,솔트룩스,"29,100","-5,200","-15.16","26,172,838,300","146,417,086,500",0
230980,솔트웍스,"3,015","-55","-1.79","748,814,350","45,032,558,580",0
086980,쇼박스,"2,735","-45","-1.62","443,961,630","171,211,000,000",0
050960,수산아이앤티,"8,340","660","8.59","2,657,180,690","56,303,340,000",0
084180,수성,"1,280","-5","-0.39","80,387,965","18,732,776,960",0
253840,수젠텍,"29,700","150","0.51","107,091,802,950","405,854,836,200",0
058530,슈펙스비앤피,"209","12","6.09","7,957,205,038","24,575,115,774",0
236200,슈프리마,"33,250","-1,200","-3.48","5,327,688,250","239,176,327,250",0
317770,슈프리마아이디,"16,200","-150","-0.92","175,966,200","49,118,724,000",0
094840,슈프리마에이치큐,"5,500","20","0.36","815,550,410","57,595,120,000",0
192440,슈피겐코리아,"58,400","-1,700","-2.83","6,522,959,200","363,035,599,200",0
099440,스맥,"1,935","-60","-3.01","695,155,110","57,105,948,330",0
033790,스카이문스테크놀로지,"-","0","0.00","0","14,190,075,900",0
131100,스카이이앤엠,"2,030","0","0.00","653,927,080","59,416,240,520",0
159910,스킨앤스킨,"-","0","0.00","0","36,570,869,305",0
158310,스타모빌리티,"-","0","0.00","0","6,096,179,210",0
115570,스타플렉스,"6,570","-210","-3.10","466,807,740","50,527,287,990",0
253450,스튜디오드래곤,"85,100","-2,400","-2.74","16,162,478,200","2,391,001,087,000",0
013810,스페코,"5,780","30","0.52","32,031,282,940","84,708,616,600",0
049830,승일,"8,750","-60","-0.68","240,227,460","53,655,980,000",0
020710,시공테크,"5,180","-20","-0.38","348,492,210","103,848,484,600",0
033170,시그네틱스,"705","-20","-2.76","344,238,535","60,438,464,895",0
048870,시너지이노베이션,"1,965","110","5.93","4,064,187,365","128,203,675,965",0
025320,시노펙스,"4,465","-5","-0.11","48,909,112,825","323,985,436,520",0
269620,시스웍,"2,300","-35","-1.50","332,030,565","41,400,000,000",0
131090,시큐브,"1,770","-40","-2.21","1,377,814,800","70,800,000,000",0
290520,신도기연,"20,550","0","0.00","4,036,352,800","165,659,304,000",0
001000,신라섬유,"2,350","-5","-0.21","673,461,720","57,052,219,000",0
025870,신라에스지,"9,080","50","0.55","445,358,750","36,320,000,000",0
215600,신라젠,"-","0","0.00","0","866,567,212,500",0
065350,신성델타테크,"3,390","-95","-2.73","1,270,196,075","84,252,832,770",0
002800,신신제약,"13,300","1,850","16.16","236,310,305,450","201,767,650,000",0
323280,신영스팩5호,"2,065","-5","-0.24","1,530,095","7,237,825,000",0
344050,신영스팩6호,"2,030","20","1.00","609,000","8,739,150,000",0
017000,신원종합개발,"3,820","190","5.23","1,892,374,590","38,459,863,140",0
012790,신일제약,"-","0","0.00","0","633,406,200,000",0
138070,신진에스엠,"5,350","220","4.29","2,166,242,350","48,001,179,050",0
226330,신테카바이오,"13,450","500","3.86","15,746,208,200","178,105,115,200",0
277480,신한제4호스팩,"2,035","0","0.00","3,245,825","12,230,350,000",0
323230,신한제5호스팩,"-","0","0.00","0","8,663,100,000",0
333050,신한제6호스팩,"2,010","0","0.00","0","10,070,100,000",0
056700,신화인터텍,"2,870","25","0.88","1,075,279,860","83,617,711,170",0
187270,신화콘텍,"2,690","0","0.00","61,386,820","27,286,943,050",0
243840,신흥에스이씨,"41,800","-1,250","-2.90","4,766,648,000","282,924,386,800",0
108320,실리콘웍스,"44,250","-1,700","-3.70","7,844,397,650","719,695,275,000",0
222800,심텍,"15,450","-500","-3.13","11,868,622,100","492,146,509,350",0
036710,심텍홀딩스,"1,790","-15","-0.83","307,492,990","68,430,957,150",0
160980,싸이맥스,"13,200","-200","-1.49","1,418,309,950","144,200,007,600",0
217330,싸이토젠,"11,750","150","1.29","1,700,851,350","66,197,902,000",0
010280,쌍용정보통신,"1,230","-30","-2.38","159,402,215","49,770,761,820",0
208640,썸에이지,"625","-20","-3.10","481,064,875","78,076,081,875",0
222420,쎄노텍,"2,690","140","5.49","61,199,976,850","108,025,490,750",0
037760,쎄니트,"1,900","0","0.00","284,254,310","64,282,549,900",0
136510,쎄미시스코,"8,510","60","0.71","600,943,460","47,976,648,290",0
099320,쎄트렉아이,"24,350","2,000","8.95","18,158,247,200","176,987,658,450",0
049960,쎌바이오텍,"16,550","-150","-0.90","1,374,850,000","155,570,000,000",0
050890,쏠리드,"8,310","50","0.61","33,193,692,950","433,658,804,250",0
066790,씨씨에스,"-","0","0.00","0","38,895,837,282",0
222080,씨아이에스,"5,530","-150","-2.64","12,976,499,300","311,513,670,580",0
264660,씨앤지하이테크,"9,280","-460","-4.72","1,455,967,920","78,002,854,400",0
297090,씨에스베어링,"21,900","-1,150","-4.99","11,244,708,250","207,204,660,000",0
115530,씨엔플러스,"-","0","0.00","0","50,419,474,275",0
225330,씨엠에스에듀,"5,140","20","0.39","276,939,440","95,781,987,920",0
115480,씨유메디칼,"2,850","-70","-2.40","1,896,319,805","65,604,301,050",0
096530,씨젠,"208,500","-2,400","-1.14","497,439,812,900","5,469,793,170,000",0
101240,씨큐브,"7,470","0","0.00","402,618,500","75,732,234,480",0
060590,씨티씨바이오,"9,350","40","0.43","10,121,593,330","194,716,536,300",0
260930,씨티케이코스메틱스,"13,000","-200","-1.52","114,056,700","131,587,963,000",0
013990,아가방컴퍼니,"2,930","-30","-1.01","460,845,155","96,360,480,480",0
123860,아나패스,"20,500","-600","-2.84","869,112,600","207,617,850,000",0
025980,아난티,"10,100","-50","-0.49","19,154,892,300","857,018,420,900",0
058220,아리온,"-","0","0.00","0","10,717,917,100",0
125210,아모그린텍,"13,150","-650","-4.71","3,946,103,550","216,932,788,500",0
052710,아모텍,"31,100","-1,550","-4.75","7,719,113,650","303,019,926,600",0
074430,아미노로직스,"2,805","645","29.86","52,519,097,205","246,354,297,420",0
092040,아미코젠,"34,400","-1,550","-4.31","12,391,618,500","660,721,144,000",0
083930,아바코,"8,300","-250","-2.92","2,679,163,080","132,770,991,500",0
149950,아바텍,"7,990","-10","-0.12","141,184,000","124,703,925,000",0
036010,아비코전자,"5,300","-150","-2.75","1,824,934,600","70,452,550,200",0
050860,아세아텍,"2,810","-45","-1.58","635,280,445","49,175,000,000",0
246720,아스타,"3,935","-65","-1.62","119,223,655","45,183,728,005",0
067390,아스트,"4,040","25","0.62","630,824,400","103,745,794,080",0
127710,아시아경제,"1,495","-20","-1.32","64,866,980","38,135,557,330",0
154030,아시아종묘,"4,880","130","2.74","1,304,570,590","46,509,972,160",0
227610,아우딘퓨쳐스,"4,390","-120","-2.66","74,766,930","43,900,000,000",0
143160,아이디스,"39,500","50","0.13","7,951,575,850","423,297,405,000",0
054800,아이디스홀딩스,"13,650","-300","-2.15","300,132,300","141,246,869,400",0
099190,아이센스,"27,450","-250","-0.90","6,187,999,650","377,087,183,100",0
289010,아이스크림에듀,"7,920","-110","-1.37","1,076,196,560","101,883,173,040",0
214430,아이쓰리시스템,"22,400","-400","-1.75","2,322,147,500","159,191,424,000",0
040910,아이씨디,"14,850","-850","-5.41","9,453,901,150","264,370,020,750",0
068940,아이씨케이,"3,750","20","0.54","1,608,126,245","116,923,957,500",0
052860,아이앤씨,"4,710","-35","-0.74","2,494,686,310","82,963,371,840",0
069920,아이에스이커머스,"3,950","0","0.00","5,734,345","102,014,129,900",0
038880,아이에이,"464","-14","-2.93","883,542,840","112,017,618,384",0
123010,아이에이네트웍스,"2,005","75","3.89","1,397,962,485","80,691,513,720",0
307180,아이엘사이언스,"3,380","-180","-5.06","1,693,772,455","70,970,782,740",0
101390,아이엠,"740","-1","-0.13","166,111,033","31,245,145,800",0
090740,아이엠이연이,"4,915","170","3.58","7,211,151,825","92,886,378,165",0
226350,아이엠텍,"-","0","0.00","0","9,318,361,858",0
078860,아이오케이,"2,120","-30","-1.40","5,265,985,240","107,591,149,040",0
114810,아이원스,"7,300","-210","-2.80","1,317,734,760","97,936,208,700",0
031310,아이즈비전,"3,830","-135","-3.40","1,248,279,230","60,408,958,420",0
185490,아이진,"12,000","950","8.60","18,980,592,450","137,862,660,000",0
059100,아이컴포넌트,"3,985","-20","-0.50","55,970,150","28,177,377,100",0
175250,아이큐어,"47,350","450","0.96","33,768,067,950","348,647,330,600",0
052460,아이크래프트,"4,150","-190","-4.38","1,507,680,855","60,622,934,400",0
119830,아이텍,"6,070","-140","-2.25","728,534,580","67,057,821,190",0
052770,아이톡시,"-","0","0.00","0","32,518,212,340",0
124500,아이티센,"5,720","0","0.00","2,446,885,930","113,869,944,760",0
084850,아이티엠반도체,"61,300","-900","-1.45","7,885,802,700","1,401,049,689,900",0
027360,아주IB투자,"1,320","-25","-1.86","1,436,533,270","156,702,546,000",0
032080,아즈텍WB,"1,705","65","3.96","707,738,435","36,642,204,445",0
013310,아진산업,"2,565","-65","-2.47","1,740,758,365","93,898,037,430",0
059120,아진엑스텍,"6,610","-10","-0.15","218,607,940","45,912,498,150",0
158430,아톤,"28,900","-200","-0.69","1,607,514,200","125,818,375,300",0
067160,아프리카TV,"62,900","-200","-0.32","4,799,107,900","723,020,844,300",0
001540,안국약품,"15,300","-150","-0.97","19,316,690,300","199,549,026,000",0
053800,안랩,"60,600","-900","-1.46","7,109,012,600","606,839,613,000",0
065660,안트로젠,"66,800","-100","-0.15","28,862,806,200","598,258,595,600",0
297570,알로이스,"2,010","-15","-0.74","347,341,645","34,832,122,140",0
260660,알리코제약,"14,800","-600","-3.90","28,747,542,500","145,255,710,000",0
131370,알서포트,"8,830","-130","-1.45","14,344,234,330","470,348,342,890",0
140670,알에스오토메이션,"8,000","-150","-1.84","654,875,740","72,825,120,000",0
096610,알에프세미,"4,835","-305","-5.93","2,873,408,915","39,454,886,110",0
061040,알에프텍,"9,910","-340","-3.32","21,738,320,840","250,991,115,050",0
148250,알엔투테크놀로지,"19,950","-1,000","-4.77","9,609,325,400","140,394,474,150",0
196170,알테오젠,"177,300","-7,700","-4.16","121,989,052,100","2,481,481,935,000",0
123750,알톤스포츠,"3,245","-40","-1.22","118,763,745","41,361,733,765",0
085810,알티캐스트,"1,560","-50","-3.11","331,201,355","33,108,129,600",0
117670,알파홀딩스,"4,580","200","4.57","2,366,074,145","87,329,511,820",0
293780,압타바이오,"31,650","-1,050","-3.21","11,518,617,950","348,663,774,450",0
196300,애니젠,"11,350","50","0.44","1,051,797,500","56,933,472,750",0
310200,애니플러스,"1,610","-20","-1.23","222,601,400","44,947,076,790",0
205500,액션스퀘어,"1,865","0","0.00","366,681,130","77,085,382,925",0
052790,액토즈소프트,"11,700","650","5.88","6,565,557,150","132,568,464,600",0
131400,액트,"5,350","-20","-0.37","1,607,599,210","122,467,090,750",0
290740,액트로,"13,850","-600","-4.15","11,687,957,700","139,400,402,350",0
238090,앤디포스,"3,990","-30","-0.75","5,547,638,710","205,272,967,410",0
092600,앤씨앤,"2,750","-80","-2.83","1,087,888,215","57,605,625,000",0
174900,앱클론,"46,900","300","0.64","28,176,239,350","337,492,400,000",0
255440,야스,"13,500","-300","-2.17","1,248,525,550","176,283,000,000",0
030960,양지사,"9,490","160","1.71","226,479,990","151,650,200,000",0
102120,어보브반도체,"9,820","-530","-5.12","10,976,725,430","171,453,792,460",0
019990,에너토크,"3,750","-100","-2.60","205,271,870","36,585,330,000",0
041440,에버다임,"3,895","270","7.45","4,387,330,840","69,782,601,880",0
038680,에스넷,"6,710","-250","-3.59","1,900,127,470","107,864,692,650",0
217480,에스디생명공학,"4,510","70","1.58","741,840,310","101,091,947,660",0
121890,에스디시스템,"-","0","0.00","0","6,686,160,142",0
097780,에스맥,"1,405","5","0.36","21,432,912,105","366,909,570,810",0
073070,에스모,"406","0","0.00","1,303,604,136","51,024,359,778",0
087730,에스모 머티리얼즈,"-","0","0.00","0","26,570,513,120",0
042110,에스씨디,"1,270","65","5.39","2,695,663,185","61,378,546,280",0
298060,에스씨엠생명과학,"25,400","500","2.01","12,411,160,900","298,484,315,400",0
065420,에스아이리소스,"-","0","0.00","0","41,281,932,996",0
103230,에스앤더블류,"1,925","55","2.94","31,511,230","13,860,000,000",0
101490,에스앤에스텍,"38,250","-500","-1.29","13,365,424,500","754,876,410,750",0
095910,에스에너지,"6,300","-20","-0.32","3,946,317,080","88,140,918,600",0
275630,에스에스알,"5,480","-90","-1.62","123,739,170","31,754,194,280",0
031330,에스에이엠티,"2,105","-15","-0.71","801,870,385","210,489,616,035",0
060540,에스에이티,"1,990","25","1.27","598,428,520","52,005,278,940",0
056190,에스에프에이,"33,650","-350","-1.03","5,618,976,000","1,208,329,774,000",0
080000,에스엔유,"3,595","-25","-0.69","470,578,830","123,390,717,650",0
041510,에스엠,"30,200","-900","-2.89","16,033,003,550","708,174,930,200",0
007820,에스엠코어,"7,810","-140","-1.76","1,218,299,920","156,465,118,260",0
109610,에스와이,"3,800","5","0.13","176,817,930","95,119,631,600",0
306040,에스제이그룹,"17,100","-850","-4.74","3,401,785,000","168,705,658,800",0
080440,에스제이케이,"-","0","0.00","0","6,636,328,080",0
096630,에스코넥,"1,675","-60","-3.46","1,422,192,025","109,320,087,700",0
069510,에스텍,"9,020","0","0.00","122,868,440","98,408,200,000",0
041910,에스텍파마,"13,150","200","1.54","20,278,433,600","156,462,158,450",0
234300,에스트래픽,"5,100","-130","-2.49","171,580,170","60,798,018,000",0
039440,에스티아이,"19,000","-1,050","-5.24","21,224,879,550","300,770,000,000",0
098660,에스티오,"1,860","-20","-1.06","14,173,340","23,251,815,360",0
052020,에스티큐브,"10,150","50","0.50","3,972,861,880","308,407,841,350",0
237690,에스티팜,"57,800","-1,400","-2.36","29,098,138,800","1,078,316,800,000",0
050760,에스폴리텍,"6,800","-280","-3.95","2,556,898,100","111,075,810,400",0
288620,에스퓨얼셀,"45,000","-2,100","-4.46","16,581,954,400","258,494,220,000",0
317830,에스피시스템스,"6,230","80","1.30","843,065,120","50,747,711,000",0
058610,에스피지,"6,300","-120","-1.87","780,078,400","131,524,942,500",0
043340,에쎈테크,"1,240","0","0.00","377,546,125","89,280,000,000",0
054630,에이디칩스,"739","-23","-3.02","456,269,640","33,118,675,931",0
200710,에이디테크놀로지,"29,000","-350","-1.19","23,045,698,150","361,609,729,000",0
096690,에이루트,"4,455","-10","-0.22","165,409,815","35,377,671,780",0
298380,에이비엘바이오,"31,650","-150","-0.47","115,076,085,450","1,463,693,021,250",0
195990,에이비프로바이오,"826","9","1.10","47,543,393,836","185,975,422,318",0
003800,에이스침대,"42,100","-650","-1.52","47,015,250","466,889,000,000",0
088800,에이스테크,"20,000","-750","-3.61","47,980,626,600","819,158,560,000",0
241840,에이스토리,"7,290","-80","-1.09","907,059,920","67,929,969,600",0
138360,에이씨티,"-","0","0.00","0","104,661,688,320",0
039230,에이아이비트,"-","0","0.00","0","18,889,625,713",0
050320,에이앤티앤,"-","0","0.00","0","45,108,377,600",0
312610,에이에프더블류,"11,900","-300","-2.46","938,654,100","120,528,483,600",0
072990,에이치시티,"10,500","0","0.00","470,072,750","72,739,800,000",0
176440,에이치엔티,"-","0","0.00","0","164,619,542,400",0
028300,에이치엘비,"87,600","-600","-0.68","51,086,533,500","4,612,555,224,000",0
067630,에이치엘비생명과학,"18,100","-200","-1.09","10,365,398,000","851,975,199,300",0
043220,에이치엘비파워,"1,190","-20","-1.65","1,113,989,690","108,427,298,630",0
239610,에이치엘사이언스,"56,600","-1,800","-3.08","4,158,962,000","291,045,576,800",0
044780,에이치케이,"1,255","-40","-3.09","172,972,295","23,224,762,685",0
071670,에이테크솔루션,"9,030","-210","-2.27","1,565,791,400","90,300,000,000",0
045660,에이텍,"22,900","300","1.33","26,701,486,650","189,154,000,000",0
224110,에이텍티앤,"19,100","1,150","6.41","23,931,160,100","101,994,000,000",0
021080,에이티넘인베스트,"1,680","-5","-0.30","1,178,410,185","80,640,000,000",0
089530,에이티세미콘,"529","49","10.21","1,996,446,801","46,824,864,548",0
200470,에이팩트,"6,700","-300","-4.29","4,407,355,490","117,609,656,000",0
036180,에이프런티어,"-","0","0.00","0","21,208,410,905",0
262260,에이프로,"39,850","-1,300","-3.16","15,216,494,300","252,886,266,900",0
109960,에이프로젠 H&G,"898","-22","-2.39","1,371,007,751","160,468,304,866",0
089970,에이피티씨,"15,250","-650","-4.09","4,465,442,700","354,327,573,750",0
230240,에치에프알,"35,700","-1,850","-4.93","15,594,318,650","427,758,114,000",0
064510,에코마이스터,"1,590","-100","-5.92","3,049,556,275","42,439,656,720",0
230360,에코마케팅,"45,700","3,850","9.20","34,519,037,600","740,291,420,900",0
038870,에코바이오,"8,380","-190","-2.22","2,488,732,620","97,300,129,720",0
128540,에코캡,"2,715","-65","-2.34","1,312,788,685","39,527,142,000",0
086520,에코프로,"35,550","-1,950","-5.20","44,765,408,050","785,306,290,050",0
247540,에코프로비엠,"137,800","-6,200","-4.31","109,163,116,500","2,888,862,074,800",0
038110,에코플라스틱,"1,400","15","1.08","197,700,930","35,937,118,000",0
073540,에프알텍,"5,480","-190","-3.35","1,444,670,170","62,472,000,000",0
064090,에프앤리퍼블릭,"508","-7","-1.36","87,029,927","38,812,169,772",0
036810,에프에스티,"26,300","-1,100","-4.01","11,866,182,450","532,149,308,200",0
173940,에프엔씨엔터,"6,010","-220","-3.53","268,560,480","86,332,928,800",0
083500,에프엔에스테크,"9,100","-130","-1.41","934,409,020","72,296,214,900",0
054940,엑사이엔씨,"1,275","-10","-0.78","447,937,470","42,296,273,700",0
205100,엑셈,"3,925","-125","-3.09","5,567,503,505","132,987,921,525",0
070300,엑스큐어,"4,550","-100","-2.15","467,400,690","33,515,636,700",0
092870,엑시콘,"11,350","-450","-3.81","3,531,732,400","106,467,460,550",0
317870,엔바이오니아,"7,070","-130","-1.81","2,894,323,230","52,922,873,850",0
067570,엔브이에이치코리아,"2,690","-105","-3.76","639,010,000","79,601,901,650",0
101400,엔시트론,"1,305","-55","-4.04","301,958,480","36,144,036,900",0
217820,엔에스,"7,120","-200","-2.73","1,408,620,260","69,776,000,000",0
031860,엔에스엔,"1,215","-20","-1.62","770,926,750","47,789,875,665",0
273060,엔에이치스팩12호,"2,190","70","3.30","805,479,410","16,446,900,000",0
310840,엔에이치스팩13호,"-","0","0.00","0","7,045,200,000",0
319400,엔에이치스팩14호,"2,010","0","0.00","62,313,775","17,326,200,000",0
339950,엔에이치스팩15호,"2,085","-5","-0.24","60,209,650","13,635,900,000",0
353190,엔에이치스팩16호,"2,010","5","0.25","2,411,520","8,663,100,000",0
208860,엔지스테크널러지,"7,210","-360","-4.76","2,119,787,040","72,435,726,440",0
183490,엔지켐생명과학,"97,700","700","0.72","27,854,351,300","803,534,431,600",0
182400,엔케이맥스,"15,800","600","3.95","12,401,151,550","514,713,771,800",0
206400,엔터메이트,"1,260","35","2.86","5,243,527,870","104,976,414,900",0
069410,엔텔스,"9,500","-100","-1.04","435,248,790","65,542,656,500",0
198080,엔피디,"4,400","-150","-3.30","1,363,302,555","94,754,814,000",0
048830,엔피케이,"1,765","-30","-1.67","176,652,635","33,047,724,095",0
096870,엘디티,"2,500","-20","-0.79","56,220,230","16,696,000,000",0
061970,엘비세미콘,"8,650","0","0.00","12,254,114,450","378,736,720,800",0
138690,엘아이에스,"10,300","100","0.98","4,686,027,900","165,077,801,300",0
290650,엘앤씨바이오,"113,200","400","0.35","13,242,365,500","825,492,435,200",0
066970,엘앤에프,"34,050","-2,000","-5.55","28,087,543,600","843,034,722,450",0
156100,엘앤케이바이오,"7,170","410","6.07","2,244,189,520","89,384,202,720",0
073110,엘엠에스,"9,300","-480","-4.91","2,305,660,350","82,730,521,500",0
083310,엘오티베큠,"14,200","-450","-3.07","5,937,235,350","193,119,119,600",0
297890,엘이티,"18,250","-850","-4.45","3,098,765,800","129,747,462,500",0
037950,엘컴텍,"1,980","95","5.04","14,509,658,300","167,206,087,620",0
170920,엘티씨,"11,100","550","5.21","7,375,413,750","83,471,367,300",0
058630,엠게임,"5,300","370","7.51","8,262,652,955","103,582,548,100",0
019590,엠벤처투자,"906","-67","-6.89","2,201,226,012","54,488,815,080",0
097520,엠씨넥스,"34,250","-1,550","-4.33","27,748,678,700","611,824,258,500",0
179290,엠아이텍,"3,855","-30","-0.77","689,144,885","117,282,816,090",0
009780,엠에스씨,"4,105","-55","-1.32","71,451,790","72,248,000,000",0
123040,엠에스오토텍,"5,120","-160","-3.03","3,528,819,860","175,538,411,520",0
032790,엠젠플러스,"-","0","0.00","0","73,910,797,425",0
033160,엠케이전자,"9,800","-250","-2.49","4,522,745,830","213,715,352,200",0
259630,엠플러스,"20,950","-600","-2.78","1,233,672,150","108,598,787,350",0
115960,연우,"16,300","-250","-1.51","599,239,000","202,087,400,000",0
007530,영신금속,"1,805","20","1.12","271,605,720","23,163,507,240",0
143540,영우디에스피,"1,790","-50","-2.72","790,811,820","62,782,182,550",0
036560,영풍정밀,"7,230","-130","-1.77","740,225,600","113,872,500,000",0
265560,영화테크,"15,500","-950","-5.78","4,782,519,600","82,848,895,000",0
036000,예림당,"2,220","-70","-3.06","186,196,470","51,136,094,940",0
250930,예선테크,"2,165","-80","-3.56","1,237,002,890","71,445,952,600",0
053280,예스24,"7,220","-160","-2.17","1,000,663,980","124,184,000,000",0
122640,예스티,"7,140","20","0.28","1,196,267,580","102,967,003,860",0
045060,오공,"5,100","-110","-2.11","1,821,085,910","86,404,067,400",0
080520,오디텍,"4,735","5","0.11","1,804,745,820","55,620,193,615",0
039830,오로라,"8,880","-160","-1.77","818,041,730","95,574,463,200",0
046120,오르비텍,"3,000","115","3.99","3,876,025,630","71,371,719,000",0
014940,오리엔탈정공,"1,370","55","4.18","1,110,894,270","62,435,915,570",0
065500,오리엔트정공,"490","-1","-0.20","3,050,329,895","57,435,135,380",0
010470,오리콤,"4,035","-95","-2.30","142,024,170","47,225,841,750",0
053980,오상자이엘,"11,250","-350","-3.02","33,617,435,600","199,663,672,500",0
052420,오성첨단소재,"2,220","-20","-0.89","1,988,861,085","137,565,019,500",0
241790,오션브릿지,"17,150","50","0.29","3,355,170,650","171,545,173,100",0
039200,오스코텍,"29,200","150","0.52","18,449,675,250","852,649,081,200",0
226400,오스테오닉,"3,200","5","0.16","439,752,315","40,374,563,200",0
031510,오스템,"2,025","25","1.25","3,486,299,375","52,650,000,000",0
048260,오스템임플란트,"34,300","900","2.69","12,626,271,700","490,000,093,100",0
138080,오이솔루션,"60,600","-2,600","-4.11","28,948,905,400","643,820,157,000",0
080580,오킨스전자,"7,250","750","11.54","5,812,568,880","52,245,421,250",0
067170,오텍,"12,100","-50","-0.41","5,565,420,400","186,238,420,500",0
173130,오파스넷,"7,490","90","1.22","81,643,820","30,154,005,980",0
049480,오픈베이스,"3,300","-110","-3.23","5,191,198,640","103,693,863,900",0
244460,올리패스,"19,800","150","0.76","25,507,989,350","316,186,219,800",0
226950,올릭스,"53,000","-700","-1.30","39,273,834,500","348,152,813,000",0
057540,옴니시스템,"2,230","15","0.68","5,638,935,345","94,574,560,910",0
057680,옴니텔,"4,290","-480","-10.06","6,860,830,320","173,722,498,950",0
082210,옵트론텍,"6,600","170","2.64","33,705,418,760","156,261,276,600",0
109080,옵티시스,"7,870","-130","-1.62","343,490,410","44,355,320,000",0
153710,옵티팜,"26,200","2,750","11.73","31,589,739,700","376,697,259,600",0
122990,와이솔,"15,750","-50","-0.32","8,739,707,400","443,708,070,750",0
232140,와이아이케이,"4,640","-30","-0.64","4,164,120,430","294,716,184,160",0
067900,와이엔텍,"12,500","250","2.04","15,801,580,850","227,495,737,500",0
155650,와이엠씨,"10,900","-100","-0.91","3,541,018,350","217,720,502,200",0
251370,와이엠티,"37,200","-750","-1.98","5,213,392,550","275,473,440,000",0
066430,와이오엠,"1,695","-50","-2.87","321,888,650","25,142,351,970",0
193250,와이제이엠게임즈,"1,685","110","6.98","4,000,173,765","91,238,090,975",0
019210,와이지-원,"4,670","-55","-1.16","554,168,965","142,779,734,730",0
122870,와이지엔터테인먼트,"38,300","-550","-1.42","9,752,687,350","700,197,114,700",0
079000,와토스코리아,"5,610","-290","-4.92","1,288,431,200","40,392,000,000",0
114630,우노앤컴퍼니,"2,990","5","0.17","135,526,490","40,586,155,350",0
032820,우리기술,"741","-10","-1.33","692,511,388","77,513,404,644",0
041190,우리기술투자,"2,580","-70","-2.64","2,248,540,215","216,720,000,000",0
115440,우리넷,"10,000","-300","-2.91","1,796,300,520","91,369,440,000",0
046970,우리로,"1,670","-20","-1.18","487,662,835","45,957,698,600",0
082850,우리바이오,"1,225","-5","-0.41","588,924,115","55,024,400,550",0
215360,우리산업,"18,750","-450","-2.34","2,184,170,700","171,228,056,250",0
072470,우리산업홀딩스,"5,410","-120","-2.17","500,659,700","102,180,514,810",0
073560,우리손에프앤지,"1,985","-5","-0.25","2,088,927,960","137,436,721,355",0
153490,우리이앤엘,"865","-3","-0.35","61,033,294","43,163,500,000",0
037400,우리조명,"1,090","-10","-0.91","163,736,690","27,166,447,140",0
101170,우림기계,"3,300","-165","-4.76","579,604,000","44,550,000,000",0
066590,우수AMS,"3,895","-100","-2.50","2,291,672,400","97,352,810,185",0
103840,우양,"4,890","-35","-0.71","826,770,490","62,875,620,000",0
046940,우원개발,"6,030","10","0.17","1,663,800,940","108,988,330,500",0
215380,우정바이오,"8,480","-200","-2.30","6,607,378,140","95,170,531,200",0
065680,우주일렉트로,"29,400","150","0.51","2,634,451,250","292,066,068,000",0
018620,우진비앤지,"3,400","590","21.00","114,500,077,235","90,161,308,800",0
032940,원익,"3,605","55","1.55","3,565,938,100","65,586,594,150",0
240810,원익IPS,"33,850","-600","-1.74","12,545,740,700","1,661,490,048,850",0
074600,원익QnC,"14,150","-450","-3.08","16,719,767,950","371,975,200,000",0
104830,원익머트리얼즈,"27,550","-400","-1.43","3,043,848,800","347,350,400,000",0
014190,원익큐브,"1,560","-15","-0.95","520,148,680","55,223,853,360",0
030530,원익홀딩스,"5,000","-50","-0.99","7,124,063,230","386,189,905,000",0
012620,원일특강,"8,790","-190","-2.12","50,639,380","38,676,000,000",0
008370,원풍,"3,910","-110","-2.74","177,047,780","46,920,000,000",0
008290,원풍물산,"2,095","-60","-2.78","376,745,825","85,253,257,505",0
101160,월덱스,"12,050","-50","-0.41","9,501,762,150","198,957,465,650",0
095270,웨이브일렉트로,"9,540","-320","-3.25","711,113,930","105,012,637,560",0
065950,웰크론,"6,140","-150","-2.38","6,203,433,710","173,340,194,280",0
076080,웰크론한텍,"2,505","-95","-3.65","7,555,563,175","50,050,155,510",0
196700,웹스,"2,255","-65","-2.80","1,141,136,430","30,890,063,380",0
069080,웹젠,"28,700","350","1.23","20,642,982,350","1,013,422,370,800",0
053580,웹케시,"59,200","-800","-1.33","3,278,943,800","400,408,376,000",0
071460,위니아딤채,"2,490","-45","-1.78","380,965,335","89,558,564,550",0
044340,위닉스,"19,600","0","0.00","2,568,223,050","350,319,130,000",0
330350,위더스제약,"26,150","1,650","6.73","32,223,814,900","229,921,652,250",0
112040,위메이드,"36,050","-250","-0.69","6,608,785,250","605,640,000,000",0
065370,위세아이텍,"22,700","1,000","4.61","3,386,498,700","99,961,969,700",0
038620,위즈코프,"1,005","-5","-0.50","508,049,575","39,024,925,860",0
299900,위지윅스튜디오,"4,425","-85","-1.88","1,373,343,575","135,778,872,675",0
036090,위지트,"691","-6","-0.86","219,023,593","58,039,153,326",0
136540,윈스,"15,950","-250","-1.54","1,110,223,400","193,777,554,850",0
097800,윈팩,"1,775","-35","-1.93","959,546,910","66,686,893,775",0
192390,윈하이텍,"2,580","-60","-2.27","188,270,850","27,494,791,680",0
313760,윌링스,"13,500","-100","-0.74","1,884,332,850","65,637,000,000",0
036200,유니셈,"6,190","-210","-3.28","4,441,357,560","189,811,540,370",0
018000,유니슨,"2,100","-150","-6.67","21,340,910,795","224,782,586,700",0
203450,유니온커뮤니티,"2,935","5","0.17","479,361,525","43,082,885,545",0
011320,유니크,"7,310","50","0.69","3,169,973,750","141,234,280,450",0
086390,유니테스트,"14,250","-450","-3.06","9,009,194,600","301,161,295,500",0
241690,유니테크노,"10,000","-200","-1.96","301,222,950","119,275,200,000",0
142210,유니트론텍,"5,870","-100","-1.68","918,559,470","69,569,073,970",0
048430,유라테크,"12,000","600","5.26","6,184,349,400","138,240,000,000",0
206650,유바이오로직스,"15,950","2,250","16.42","386,223,436,400","443,226,590,950",0
089850,유비벨록스,"7,600","-190","-2.44","537,869,540","54,079,297,200",0
032620,유비케어,"11,500","-500","-4.17","18,876,680,450","600,267,098,500",0
264450,유비쿼스,"38,100","-1,100","-2.81","3,627,184,850","195,222,685,500",0
078070,유비쿼스홀딩스,"32,150","-800","-2.43","3,778,331,800","601,096,590,200",0
024800,유성티엔에스,"2,110","40","1.93","318,518,470","57,420,653,800",0
054930,유신,"14,950","-200","-1.32","346,368,900","44,850,000,000",0
069330,유아이디,"-","0","0.00","0","12,541,620,560",0
049520,유아이엘,"4,080","0","0.00","74,583,090","88,882,538,880",0
287410,유안타제3호스팩,"2,030","0","0.00","1,015,000","8,597,050,000",0
313750,유안타제4호스팩,"2,005","0","0.00","120,105","9,323,250,000",0
336060,유안타제5호스팩,"1,995","0","0.00","9,975","11,830,350,000",0
340360,유안타제6호스팩,"1,995","0","0.00","209,475","13,655,775,000",0
056090,유앤아이,"4,835","-15","-0.31","249,059,350","37,543,262,490",0
263770,유에스티,"3,920","-20","-0.51","466,420,285","92,904,674,240",0
023410,유진기업,"4,075","-15","-0.37","5,223,948,700","315,041,766,725",0
056080,유진로봇,"2,280","-20","-0.87","183,928,970","85,527,706,560",0
321260,유진스팩4호,"2,005","0","0.00","13,734,885","6,997,450,000",0
331380,유진스팩5호,"2,005","0","0.00","4,015","8,040,050,000",0
084370,유진테크,"30,500","-1,300","-4.09","9,467,976,750","698,939,281,000",0
178780,유테크,"3,770","80","2.17","1,379,195,020","112,991,405,150",0
179900,유티아이,"15,200","-300","-1.94","2,051,937,300","244,976,804,000",0
263050,유틸렉스,"37,450","-450","-1.19","2,227,658,700","279,385,763,300",0
191410,육일씨엔에쓰,"3,750","-80","-2.09","300,118,650","35,111,332,500",0
072770,율호,"1,595","-25","-1.54","500,111,340","58,499,700,160",0
039020,이건홀딩스,"2,705","-85","-3.05","642,798,955","61,091,637,845",0
060230,이그잭스,"1,450","-20","-1.36","1,421,305,365","108,595,598,200",0
067920,이글루시큐리티,"4,845","-60","-1.22","131,112,250","53,276,196,555",0
044960,이글벳,"8,360","-50","-0.59","31,451,960,670","105,686,141,880",0
302430,이노메트리,"18,500","0","0.00","2,191,238,600","178,528,996,000",0
073490,이노와이어리스,"52,000","-1,900","-3.53","11,024,351,800","350,352,288,000",0
086250,이노와이즈,"-","0","0.00","0","43,288,294,470",0
215790,이노인스트루먼트,"1,700","-5","-0.29","1,233,658,900","68,481,353,300",0
246960,이노테라피,"8,890","-70","-0.78","264,108,210","44,842,795,760",0
088390,이녹스,"8,500","-20","-0.23","2,661,953,350","79,482,174,000",0
272290,이녹스첨단소재,"49,550","1,500","3.12","9,273,416,550","470,848,528,150",0
053350,이니텍,"4,485","-140","-3.03","260,982,715","88,762,258,260",0
258610,이더블유케이,"4,230","70","1.68","3,025,577,875","49,638,199,770",0
215090,이디티,"-","0","0.00","0","20,131,439,790",0
041520,이라이콤,"5,900","-300","-4.84","1,076,506,730","71,913,507,000",0
264850,이랜시스,"1,840","-15","-0.81","53,633,625","52,903,334,080",0
054210,이랜텍,"4,175","-50","-1.18","529,860,950","94,592,632,650",0
065440,이루온,"1,405","5","0.36","502,667,100","38,321,403,100",0
036260,이매진아시아,"-","0","0.00","0","97,187,539,620",0
115610,이미지스,"3,010","5","0.17","187,731,205","23,084,075,280",0
349720,이베스트스팩5호,"1,995","0","0.00","7,219,740","7,221,900,000",0
323210,이베스트이안스팩1호,"2,010","0","0.00","10,514,230","6,432,000,000",0
078020,이베스트투자증권,"4,970","-50","-1.00","752,334,195","275,741,514,300",0
080010,이상네트웍스,"5,850","-190","-3.15","44,432,470","52,737,750,000",0
086890,이수앱지스,"7,690","0","0.00","4,167,682,010","204,748,495,480",0
047560,이스트소프트,"6,440","-100","-1.53","183,060,100","63,752,136,000",0
067010,이씨에스,"3,515","-55","-1.54","417,725,430","43,213,410,000",0
052190,이에스에이,"-","0","0.00","0","13,511,445,155",0
226360,이엑스티,"3,545","-15","-0.42","1,615,495,790","155,728,556,695",0
102710,이엔에프테크놀로지,"45,150","-2,300","-4.85","15,588,065,000","642,386,795,400",0
063760,이엘피,"11,200","-100","-0.88","944,327,350","54,997,600,000",0
123570,이엠넷,"3,715","310","9.10","2,214,730,080","82,755,629,770",0
083470,이엠앤아이,"-","0","0.00","0","35,542,856,275",0
095190,이엠코리아,"5,150","-60","-1.15","6,408,211,310","187,113,425,600",0
091120,이엠텍,"13,050","-300","-2.25","1,620,625,650","209,595,214,800",0
039030,이오테크닉스,"104,000","-4,700","-4.32","16,639,952,500","1,281,233,200,000",0
088290,이원컴포텍,"5,460","-110","-1.97","828,261,490","93,081,348,360",0
181340,이즈미디어,"3,005","-100","-3.22","151,352,895","21,266,685,500",0
353810,이지바이오,"57,000","-400","-0.70","5,525,572,500","130,343,496,000",0
090850,이지웰,"12,000","-350","-2.83","899,016,650","140,318,148,000",0
099750,이지케어텍,"21,900","-850","-3.74","1,817,174,300","139,853,400,000",0
035810,이지홀딩스,"5,040","0","0.00","7,955,494,545","280,428,739,920",0
160600,이큐셀,"-","0","0.00","0","18,642,222,930",0
092130,이크레더블,"21,000","0","0.00","158,768,900","252,915,600,000",0
016250,이테크건설,"69,000","-200","-0.29","253,756,700","193,200,000,000",0
096040,이트론,"169","-3","-1.74","269,736,700","59,082,188,412",0
134060,이퓨쳐,"5,810","20","0.35","216,708,490","27,709,342,500",0
001840,이화공영,"4,650","-30","-0.64","993,445,405","92,096,784,000",0
024810,이화전기,"150","-3","-1.96","855,809,735","107,746,804,800",0
041830,인바디,"16,400","-50","-0.30","995,695,000","224,414,024,800",0
079950,인베니아,"1,800","-70","-3.74","226,208,910","41,760,000,000",0
277410,인산가,"1,705","-45","-2.57","404,637,175","45,195,885,955",0
060150,인선이엔티,"9,180","490","5.64","86,940,134,230","352,431,968,760",0
033230,인성정보,"3,855","-75","-1.91","1,004,122,755","80,554,773,900",0
037330,인지디스플레,"1,750","5","0.29","341,310,985","76,799,142,000",0
083640,인콘,"890","-9","-1.00","1,478,464,685","76,627,238,690",0
216050,인크로스,"37,950","3,400","9.84","17,566,041,200","305,754,687,150",0
049070,인탑스,"11,300","-100","-0.88","1,287,558,950","194,360,000,000",0
119610,인터로조,"22,450","-100","-0.44","839,128,150","262,147,258,100",0
017250,인터엠,"1,765","-5","-0.28","130,593,470","37,145,249,255",0
035080,인터파크,"2,285","-65","-2.77","1,917,398,000","185,517,237,455",0
051370,인터플렉스,"14,250","-350","-2.40","7,348,056,150","332,416,476,000",0
064290,인텍플러스,"15,300","-1,150","-6.99","7,094,112,350","192,970,668,600",0
189300,인텔리안테크,"24,850","250","1.02","2,832,963,050","187,899,249,300",0
150840,인트로메딕,"2,590","-50","-1.89","2,369,499,725","69,919,132,360",0
048530,인트론바이오,"15,400","-250","-1.60","14,952,865,850","482,899,124,400",0
175140,인포마크,"6,230","50","0.81","113,054,710","22,759,784,880",0
115310,인포바인,"17,800","300","1.71","44,155,800","56,833,317,400",0
039290,인포뱅크,"6,750","-250","-3.57","546,381,820","58,684,351,500",0
041020,인프라웨어,"1,520","20","1.33","333,017,225","56,944,003,200",0
071200,인피니트헬스케어,"7,200","0","0.00","3,335,081,950","175,654,497,600",0
101930,인화정공,"4,515","-140","-3.01","199,184,180","42,132,648,075",0
068330,일신바이오,"3,750","-65","-1.70","162,085,375,670","165,810,525,000",0
058450,일야,"-","0","0.00","0","21,741,900,000",0
019540,일지테크,"3,570","15","0.42","505,501,145","48,243,195,000",0
094820,일진파워,"5,180","20","0.39","443,353,430","78,107,712,620",0
049550,잉크테크,"3,010","10","0.33","73,187,905","48,219,995,320",0
254120,자비스,"1,695","-40","-2.31","280,054,235","34,414,391,820",0
221610,자안,"371","3","0.82","1,642,937,458","52,414,240,025",0
043910,자연과환경,"1,515","-25","-1.62","1,908,395,700","80,521,275,855",0
234920,자이글,"3,380","-65","-1.89","50,942,360","45,734,475,800",0
174880,장원테크,"1,540","55","3.70","1,808,404,940","64,229,463,760",0
049630,재영솔루텍,"772","2","0.26","214,610,854","56,554,592,368",0
110020,전진바이오팜,"5,300","70","1.34","126,786,140","25,418,418,400",0
065530,전파기지국,"5,210","-100","-1.88","6,459,394,580","275,400,600,000",0
208140,정다운,"3,330","-25","-0.75","6,957,118,645","68,364,313,920",0
022220,정산애강,"1,920","-20","-1.03","1,293,891,505","99,445,591,680",0
040420,정상제이엘에스,"5,880","20","0.34","158,604,460","92,184,005,760",0
045510,정원엔시스,"1,810","0","0.00","25,565,570","58,298,818,520",0
065620,제낙스,"-","0","0.00","0","78,982,709,300",0
217190,제너셈,"4,070","-170","-4.01","736,374,500","35,690,538,180",0
095700,제넥신,"105,700","-1,300","-1.21","222,442,339,400","2,517,720,832,900",0
072520,제넨바이오,"1,970","65","3.41","14,331,548,170","184,966,607,630",0
122310,제노레이,"10,550","100","0.96","8,162,330,800","153,543,054,200",0
187420,제노포커스,"5,900","-150","-2.48","3,797,571,700","128,845,751,700",0
123330,제닉,"3,970","-10","-0.25","129,731,735","27,790,000,000",0
159580,제로투세븐,"6,990","-190","-2.65","761,141,200","140,028,125,640",0
147830,제룡산업,"4,980","-20","-0.40","216,414,460","49,800,000,000",0
033100,제룡전기,"5,530","-150","-2.64","845,914,070","88,825,121,770",0
079370,제우스,"14,800","-850","-5.43","2,923,124,200","153,683,200,000",0
054950,제이브이엠,"32,600","-450","-1.36","889,508,600","206,387,600,800",0
090470,제이스텍,"9,810","-190","-1.90","834,032,470","143,204,496,480",0
137950,제이씨케미칼,"5,410","-170","-3.05","3,061,891,010","120,468,873,740",0
033320,제이씨현시스템,"5,750","-50","-0.86","1,382,032,320","109,907,984,000",0
204270,제이앤티씨,"12,400","-250","-1.98","6,451,776,850","717,320,978,400",0
026040,제이에스티나,"2,300","-35","-1.50","83,117,775","37,958,717,000",0
126880,제이엔케이히터,"7,650","-250","-3.16","9,011,688,700","174,597,671,250",0
322510,제이엘케이,"6,790","-110","-1.59","623,633,580","101,950,064,230",0
033050,제이엠아이,"1,105","-55","-4.74","564,519,980","36,000,172,910",0
094970,제이엠티,"2,795","-30","-1.06","365,139,890","46,811,330,800",0
058420,제이웨이,"962","12","1.26","3,259,058","20,853,186,458",0
089790,제이티,"6,370","-200","-3.04","2,017,212,960","65,709,817,810",0
052670,제일바이오,"8,450","20","0.24","95,885,878,530","126,750,000,000",0
023440,제일제강,"1,660","-10","-0.60","206,665,975","48,957,372,380",0
038010,제일테크노스,"4,835","50","1.04","940,799,935","43,515,000,000",0
080220,제주반도체,"2,890","5","0.17","713,075,845","89,951,423,400",0
216080,제테마,"21,700","-1,150","-5.03","11,341,714,850","379,696,878,400",0
229000,젠큐릭스,"16,450","-400","-2.37","4,712,553,050","103,252,142,700",0
082270,젬백스,"24,400","0","0.00","18,510,165,850","957,978,233,200",0
064800,젬백스링크,"1,465","-50","-3.30","4,551,180,590","113,125,077,595",0
041590,젬백스지오,"786","-4","-0.51","357,989,847","60,857,012,850",0
044060,조광ILI,"6,190","-20","-0.32","377,505,770","61,192,210,640",0
034940,조아제약,"5,230","-100","-1.88","37,214,345,940","162,024,495,210",0
101730,조이맥스,"5,950","-90","-1.49","136,597,990","50,606,142,300",0
067000,조이시티,"19,550","450","2.36","2,047,638,850","277,391,685,150",0
033340,좋은사람들,"1,995","-20","-0.99","1,724,629,710","99,566,906,880",0
036930,주성엔지니어링,"7,400","-130","-1.73","7,351,760,840","357,044,168,800",0
239340,줌인터넷,"4,070","-100","-2.40","1,116,654,995","109,409,178,340",0
072020,중앙백신,"18,050","550","3.14","10,763,662,800","179,778,000,000",0
000440,중앙에너비스,"8,460","-100","-1.17","241,219,220","52,681,519,800",0
054180,중앙오션,"1,135","-25","-2.16","708,149,520","36,587,486,585",0
228760,지노믹트리,"16,700","-150","-0.89","4,300,587,500","333,769,790,500",0
043610,지니뮤직,"3,515","-45","-1.26","1,388,194,135","204,275,764,570",0
263860,지니언스,"4,960","-100","-1.98","152,144,460","46,845,216,000",0
303030,지니틱스,"2,755","-115","-4.01","2,596,537,005","97,531,430,040",0
208350,지란지교시큐리티,"5,130","-10","-0.19","98,964,690","39,883,354,290",0
114570,지스마트글로벌,"-","0","0.00","0","7,030,424,280",0
051160,지어소프트,"12,250","-500","-3.92","3,962,188,800","178,538,298,750",0
053050,지에스이,"1,475","-20","-1.34","635,146,530","44,231,705,575",0
119850,지엔씨에너지,"6,080","-170","-2.72","4,324,569,880","99,078,634,240",0
270520,지엔원에너지,"2,720","-105","-3.72","2,216,387,775","79,926,696,800",0
065060,지엔코,"1,205","-40","-3.21","631,884,410","118,099,693,020",0
204840,지엘팜텍,"1,065","0","0.00","1,750,656,370","47,588,803,995",0
111820,지와이커머스,"-","0","0.00","0","60,317,401,310",0
115450,지트리비앤티,"28,950","-350","-1.19","40,075,365,350","747,077,707,350",0
219750,지티지웰니스,"5,110","220","4.50","1,307,560,330","67,181,021,810",0
018120,진로발효,"29,900","0","0.00","57,148,700","197,971,488,000",0
109820,진매트릭스,"17,000","-1,400","-7.61","60,761,067,050","337,875,612,000",0
086060,진바이오텍,"6,590","290","4.60","30,017,962,220","56,743,768,330",0
036890,진성티이씨,"7,900","-200","-2.47","5,577,758,310","177,609,917,200",0
007370,진양제약,"7,740","110","1.44","22,641,043,400","92,880,000,000",0
085660,차바이오텍,"20,150","0","0.00","45,195,401,450","1,057,783,317,500",0
094850,참좋은여행,"4,885","-85","-1.71","222,886,840","68,390,000,000",0
004650,창해에탄올,"13,250","-350","-2.57","1,846,942,700","121,779,226,250",0
311690,천랩,"39,800","-250","-0.62","1,448,007,150","154,083,630,400",0
278280,천보,"92,200","-2,800","-2.95","11,546,413,000","922,000,000,000",0
096240,청담러닝,"19,500","-800","-3.94","1,073,096,300","149,655,694,500",0
013720,청보산업,"2,950","-15","-0.51","334,285,485","24,127,374,450",0
066360,체리부로,"2,700","-60","-2.17","1,065,734,745","75,255,396,300",0
047820,초록뱀,"1,565","15","0.97","7,859,793,340","142,169,908,480",0
094360,칩스앤미디어,"8,430","-250","-2.88","2,031,503,040","81,267,855,450",0
016920,카스,"2,080","0","0.00","4,912,780,560","47,419,091,200",0
284620,카이노스메드,"4,895","170","3.60","54,830,702,400","507,043,748,530",0
042000,카페24,"53,000","-1,600","-2.93","7,427,558,100","499,821,641,000",0
317530,캐리소프트,"3,845","-25","-0.65","131,273,295","25,996,798,620",0
071850,캐스텍코리아,"3,190","-20","-0.62","261,849,610","52,855,709,720",0
180400,캔서롭,"-","0","0.00","0","178,624,199,880",0
050110,캠시스,"3,060","-20","-0.65","12,052,390,845","207,590,338,800",0
078340,컴투스,"125,500","-900","-0.71","7,246,271,700","1,614,735,710,000",0
307930,컴퍼니케이,"7,140","90","1.28","611,345,730","111,455,400,000",0
263700,케어랩스,"10,450","50","0.48","7,045,618,650","87,852,345,350",0
214370,케어젠,"68,400","-1,600","-2.29","2,904,481,100","734,821,200,000",0
221980,케이디켐,"11,900","-50","-0.42","31,569,400","48,014,120,000",0
043290,케이맥,"1,695","-60","-3.42","1,129,332,190","62,988,388,245",0
317030,케이비17호스팩,"2,020","-5","-0.25","40,405,245","11,031,220,000",0
323940,케이비제18호스팩,"2,010","5","0.25","40,002,455","15,722,220,000",0
330990,케이비제19호스팩,"2,020","-5","-0.25","11,008,900","8,688,020,000",0
342550,케이비제20호스팩,"1,995","0","0.00","22,214,265","12,969,495,000",0
192250,케이사인,"1,305","-10","-0.76","1,054,174,615","84,395,990,385",0
115500,케이씨에스,"4,655","-195","-4.02","524,226,800","55,860,000,000",0
089150,케이씨티,"3,845","-70","-1.79","1,567,480,055","65,941,750,000",0
025880,케이씨피드,"1,915","-15","-0.78","155,198,495","32,010,868,070",0
093320,케이아이엔엑스,"62,200","-1,600","-2.51","2,961,331,500","303,536,000,000",0
060900,케이알피앤이,"928","59","6.79","4,703,549,511","125,427,552,928",0
073010,케이에스피,"1,535","-45","-2.85","168,196,585","55,555,114,495",0
105330,케이엔더블유,"7,500","-10","-0.13","130,249,640","42,460,102,500",0
272110,케이엔제이,"12,350","450","3.78","3,598,529,950","77,872,085,200",0
039420,케이엘넷,"2,305","-20","-0.86","502,593,585","55,676,652,650",0
083550,케이엠,"18,500","-350","-1.86","9,062,768,900","190,217,518,000",0
032500,케이엠더블유,"71,900","-2,300","-3.10","101,102,062,700","2,863,121,487,700",0
225430,케이엠제약,"3,785","-305","-7.46","51,677,000,040","80,949,984,250",0
064820,케이프,"3,265","-35","-1.06","1,032,697,530","93,581,364,700",0
347140,케이프이에스제4호,"2,030","5","0.25","9,124,445","6,108,270,000",0
256940,케이피에스,"17,350","-900","-4.93","4,014,444,900","263,955,751,800",0
024880,케이피에프,"4,160","-180","-4.15","1,186,430,935","72,589,325,120",0
042040,케이피엠테크,"1,070","-20","-1.83","5,747,503,800","114,762,942,020",0
054410,케이피티유,"4,025","15","0.37","64,835,015","20,366,500,000",0
274090,켄코아에어로스페이스,"9,100","-190","-2.05","789,691,040","81,989,471,200",0
217600,켐온,"1,555","90","6.14","26,873,992,940","99,304,383,700",0
089010,켐트로닉스,"15,600","-500","-3.11","9,831,128,500","227,327,802,000",0
220260,켐트로스,"4,460","10","0.22","11,169,604,575","117,400,834,220",0
052400,코나아이,"-","0","0.00","0","203,046,489,900",0
033110,코너스톤네트웍스,"-","0","0.00","0","26,473,567,764",0
094860,코닉글로리,"1,785","-40","-2.19","1,220,177,200","90,397,032,075",0
046070,코다코,"1,150","15","1.32","384,449,345","44,923,894,400",0
047770,코데즈컴바인,"2,555","30","1.19","1,093,808,940","96,687,848,110",0
078940,코드네이처,"1,190","-80","-6.30","218,280,655","35,880,413,520",0
080530,코디,"1,780","0","0.00","346,389,395","42,556,022,840",0
224060,코디엠,"285","-7","-2.40","1,304,637,447","58,677,286,845",0
078650,코렌,"1,125","-5","-0.44","510,442,475","50,259,794,625",0
104540,코렌텍,"7,850","400","5.37","989,299,030","83,110,626,850",0
027050,코리아나,"4,850","-75","-1.52","3,519,765,500","194,000,000,000",0
290510,코리아센터,"15,500","150","0.98","2,677,729,100","372,481,244,000",0
190650,코리아에셋투자증권,"7,470","-40","-0.53","450,842,020","47,718,360,000",0
101670,코리아에스이,"1,260","-25","-1.95","2,828,198,330","23,814,000,000",0
123410,코리아에프티,"2,485","-75","-2.93","789,582,785","69,185,044,040",0
036690,코맥스,"4,070","5","0.12","2,622,125,240","61,016,491,690",0
049430,코메론,"8,710","-120","-1.36","218,208,140","78,808,080,000",0
183300,코미코,"38,350","-150","-0.39","4,105,278,150","336,521,250,000",0
041960,코미팜,"17,900","700","4.07","25,487,255,300","1,148,927,180,400",0
089890,코세스,"6,570","-170","-2.52","900,313,570","110,717,390,340",0
009730,코센,"324","-2","-0.61","1,982,475,579","38,857,110,372",0
082660,코스나인,"1,250","-15","-1.19","125,446,245","26,732,292,500",0
222040,코스맥스엔비티,"8,540","-350","-3.94","2,905,305,720","176,163,120,000",0
241710,코스메카코리아,"13,000","-300","-2.26","1,168,451,700","138,840,000,000",0
069110,코스온,"4,840","25","0.52","131,366,090","90,494,259,240",0
204990,코썬바이오,"-","0","0.00","0","39,130,080,675",0
166480,코아스템,"23,400","5,400","30.00","66,618,237,700","367,788,096,000",0
045970,코아시아,"10,100","-750","-6.91","8,961,296,300","265,174,126,400",0
029960,코엔텍,"8,920","140","1.59","27,058,289,780","446,000,000,000",0
102940,코오롱생명과학,"32,500","-100","-0.31","3,218,870,000","370,901,570,000",0
033290,코웰패션,"5,770","-70","-1.20","2,349,852,860","510,646,350,180",0
056360,코위버,"9,560","-360","-3.63","2,909,681,320","93,657,408,000",0
282880,코윈테크,"22,700","-700","-2.99","3,214,583,300","210,008,868,400",0
121850,코이즈,"1,155","-35","-2.94","104,156,875","17,800,302,135",0
015710,코콤,"5,970","-170","-2.77","1,038,292,020","104,657,085,000",0
052330,코텍,"8,850","-190","-2.10","382,375,240","137,834,785,200",0
126600,코프라,"3,400","-80","-2.30","955,703,415","71,793,155,600",0
200130,콜마비앤에이치,"61,700","1,600","2.66","34,274,888,600","1,822,837,528,600",0
060280,큐렉소,"6,950","340","5.14","2,637,033,170","231,832,908,350",0
040350,큐로컴,"2,240","-20","-0.88","1,270,388,560","254,818,011,840",0
051780,큐로홀딩스,"597","-21","-3.40","295,228,081","53,170,131,609",0
115180,큐리언트,"25,100","100","0.40","3,820,185,200","216,501,706,600",0
043090,큐브앤컴퍼니,"3,180","-215","-6.33","2,180,324,285","100,052,724,780",0
182360,큐브엔터,"4,335","-125","-2.80","2,462,933,690","145,741,135,065",0
066310,큐에스아이,"15,200","-850","-5.30","1,390,974,950","125,829,096,000",0
016600,큐캐피탈,"584","-5","-0.85","251,998,543","98,054,723,032",0
043590,크로바하이텍,"-","0","0.00","0","34,717,000,000",0
114120,크루셜텍,"1,630","-40","-2.40","135,053,355","17,866,943,450",0
110790,크리스에프앤씨,"22,400","-600","-2.61","216,183,900","262,426,752,000",0
083790,크리스탈,"13,900","450","3.35","31,235,498,050","591,740,875,400",0
045520,크린앤사이언스,"33,850","-1,000","-2.87","7,463,458,500","220,025,000,000",0
214150,클래시스,"13,900","0","0.00","2,617,749,750","899,457,435,200",0
237880,클리오,"17,350","-200","-1.14","1,391,482,150","297,554,026,800",0
139670,키네마스터,"11,200","-50","-0.44","1,831,115,200","151,718,638,400",0
311270,키움제5호스팩,"2,015","0","0.00","2,015","7,254,000,000",0
054780,키이스트,"14,700","0","0.00","8,923,306,450","250,949,080,200",0
219130,타이거일렉,"11,000","-150","-1.35","777,372,550","69,457,190,000",0
065130,탑엔지니어링,"8,320","-350","-4.04","4,509,995,680","132,922,458,240",0
023160,태광,"7,480","20","0.27","919,505,360","198,220,000,000",0
053620,태양,"9,210","20","0.22","65,066,530","79,206,000,000",0
044490,태웅,"12,150","-150","-1.22","17,230,524,750","243,089,679,150",0
124560,태웅로직스,"3,480","-60","-1.69","259,959,175","61,422,000,000",0
191420,테고사이언스,"31,750","-1,050","-3.20","5,059,075,800","256,718,879,500",0
182690,테라셈,"2,600","-55","-2.07","307,929,900","55,024,184,800",0
066700,테라젠이텍스,"10,900","250","2.35","17,050,129,550","350,135,762,300",0
095610,테스,"26,250","200","0.77","76,535,993,850","518,915,932,500",0
131970,테스나,"74,600","2,200","3.04","66,804,082,700","553,127,071,200",0
089030,테크윙,"20,000","-500","-2.44","13,016,295,900","386,375,720,000",0
054450,텔레칩스,"8,160","-220","-2.63","1,510,910,850","110,208,233,760",0
091440,텔레필드,"4,460","-50","-1.11","1,114,735,230","40,924,402,500",0
200230,텔콘RF제약,"5,430","20","0.37","49,441,929,280","463,599,184,260",0
215480,토박스코리아,"1,085","-5","-0.46","375,224,950","44,403,003,295",0
051360,토비스,"6,850","-70","-1.01","528,063,420","114,511,847,300",0
045340,토탈소프트,"5,280","50","0.96","2,665,273,470","45,186,451,200",0
108230,톱텍,"17,750","0","0.00","11,401,986,000","674,912,598,750",0
079970,투비소프트,"1,560","-55","-3.41","314,746,975","49,615,620,600",0
105550,트루윈,"3,365","-85","-2.46","313,957,290","40,282,620,265",0
026150,특수건설,"6,820","100","1.49","3,676,268,740","106,567,451,320",0
322180,티라유텍,"14,500","-250","-1.69","598,267,050","78,789,375,000",0
117730,티로보틱스,"10,800","-1,050","-8.86","5,728,764,400","60,257,833,200",0
033830,티비씨,"726","-14","-1.89","260,258,432","72,600,000,000",0
064760,티씨케이,"91,200","-200","-0.22","4,442,853,300","1,064,760,000,000",0
246710,티앤알바이오팹,"12,900","300","2.38","3,824,185,600","108,123,156,000",0
277880,티에스아이,"14,550","-1,300","-8.20","9,121,321,450","134,836,523,250",0
131290,티에스이,"30,950","-950","-2.98","2,450,411,250","342,351,227,550",0
062860,티엘아이,"7,470","90","1.22","799,569,760","73,749,218,400",0
321550,티움바이오,"15,250","550","3.74","33,828,635,550","357,945,346,500",0
104480,티케이케미칼,"2,070","5","0.24","839,922,460","188,153,548,380",0
081150,티플랙스,"4,500","440","10.84","269,013,746,950","109,207,809,000",0
130740,티피씨글로벌,"2,260","-110","-4.64","510,874,545","23,333,322,540",0
084730,팅크웨어,"9,150","0","0.00","596,577,230","95,394,990,300",0
046210,파나진,"4,795","95","2.02","891,197,535","154,095,284,700",0
034230,파라다이스,"13,050","-100","-0.76","6,509,665,650","1,186,801,869,600",0
033540,파라텍,"6,150","-130","-2.07","752,388,060","104,449,693,500",0
043200,파루,"2,570","100","4.05","13,193,688,750","99,218,481,410",0
214450,파마리서치프로덕트,"58,400","-1,000","-1.68","4,419,403,300","562,254,351,200",0
208340,파멥신,"21,500","650","3.12","15,397,198,050","297,839,242,000",0
177830,파버나인,"4,945","-5","-0.10","565,904,595","64,748,603,640",0
037070,파세코,"14,600","350","2.46","2,761,587,350","204,400,000,000",0
150900,파수,"4,845","65","1.36","405,770,035","48,668,291,475",0
037030,파워넷,"4,420","-100","-2.21","943,402,125","60,110,015,420",0
047310,파워로직스,"7,230","-130","-1.77","3,372,379,230","248,863,699,860",0
170790,파이오링크,"14,000","-150","-1.06","2,458,068,600","95,988,620,000",0
049120,파인디앤씨,"1,920","45","2.40","573,300,515","50,611,092,480",0
038950,파인디지털,"5,200","-220","-4.06","252,972,650","53,095,978,000",0
106240,파인테크닉스,"5,370","10","0.19","8,361,090,910","230,068,950,600",0
131760,파인텍,"1,725","-55","-3.09","1,969,900,120","74,044,008,675",0
065690,파커스,"2,705","40","1.50","173,538,415","37,771,291,845",0
140860,파크시스템스,"55,800","-1,200","-2.11","2,674,496,300","372,077,469,000",0
091700,파트론,"9,870","-380","-3.71","12,839,932,420","534,523,766,700",0
194510,파티게임즈,"-","0","0.00","0","13,125,755,600",0
038160,팍스넷,"-","0","0.00","0","10,551,204,112",0
032800,판타지오,"894","-24","-2.61","1,290,275,077","64,997,325,042",0
318010,팜스빌,"13,800","-300","-2.13","1,218,883,000","109,424,864,400",0
027710,팜스토리,"1,165","-25","-2.10","1,364,693,995","129,800,339,000",0
225590,패션플랫폼,"1,065","-10","-0.93","120,232,350","28,368,099,345",0
054300,팬스타엔터프라이즈,"800","-2","-0.25","174,427,551","41,854,374,400",0
068050,팬엔터테인먼트,"5,600","-80","-1.41","2,292,248,910","76,960,783,200",0
222110,팬젠,"8,480","230","2.79","671,478,060","81,762,302,880",0
263750,펄어비스,"189,200","-300","-0.16","7,573,853,200","2,474,707,620,000",0
251970,펌텍코리아,"15,200","-400","-2.56","1,079,408,350","188,480,000,000",0
087010,펩트론,"20,900","0","0.00","25,573,596,400","320,323,850,000",0
043370,평화정공,"6,470","-70","-1.07","519,161,680","135,870,000,000",0
119500,포메탈,"3,375","10","0.30","1,709,303,120","39,984,408,000",0
016670,포비스티앤씨,"941","-84","-8.20","7,979,353,988","40,707,089,754",0
056730,포스링크,"-","0","0.00","0","67,399,247,280",0
022100,포스코 ICT,"4,450","-5","-0.11","1,693,894,065","676,554,544,050",0
009520,포스코엠텍,"4,780","-20","-0.42","14,270,459,980","199,052,120,340",0
189690,포시에스,"7,070","-130","-1.81","270,569,470","58,402,519,770",0
256630,포인트엔지니어링,"3,695","-25","-0.67","1,680,534,545","208,717,846,590",0
141020,포티스,"-","0","0.00","0","18,839,533,608",0
290720,푸드나무,"26,350","-700","-2.59","1,822,566,850","179,338,995,900",0
005670,푸드웰,"5,280","-70","-1.31","331,035,470","52,800,000,000",0
094940,푸른기술,"14,800","-50","-0.34","1,692,017,200","97,298,189,600",0
007330,푸른저축은행,"7,830","60","0.77","70,299,790","118,098,324,000",0
093380,풍강,"2,850","0","0.00","480,772,470","28,156,042,050",0
023900,풍국주정,"23,300","-650","-2.71","4,533,093,050","293,580,000,000",0
195440,퓨전,"-","0","0.00","0","8,582,183,400",0
214270,퓨쳐스트림네트웍스,"1,085","-10","-0.91","926,815,945","109,450,694,360",0
220100,퓨쳐켐,"10,300","200","1.98","747,180,700","59,870,665,800",0
035200,프럼파스트,"4,990","-300","-5.67","11,197,764,440","48,555,644,100",0
203690,프로스테믹스,"3,955","80","2.06","20,552,715,675","180,968,729,340",0
053610,프로텍,"21,650","-900","-3.99","4,417,212,900","238,150,000,000",0
053160,프리엠스,"9,720","-280","-2.80","2,255,105,710","58,320,000,000",0
075130,플랜티넷,"4,925","-70","-1.40","144,019,195","44,128,000,000",0
237820,플레이디,"11,750","-350","-2.89","1,453,607,100","150,718,895,000",0
023770,플레이위드,"10,450","-50","-0.48","1,087,046,200","89,420,117,050",0
300080,플리토,"12,300","-400","-3.15","822,873,500","64,080,675,300",0
032580,피델릭스,"1,750","-55","-3.05","607,902,925","46,024,765,500",0
051380,피씨디렉트,"10,900","-300","-2.68","3,034,878,800","83,587,042,400",0
241820,피씨엘,"15,600","-500","-3.11","6,856,935,700","148,819,273,200",0
237750,피앤씨테크,"5,960","-70","-1.16","218,160,640","38,719,736,000",0
131390,피앤이솔루션,"20,150","250","1.26","13,781,846,950","298,601,036,500",0
024850,피에스엠씨,"859","-6","-0.69","38,684,114","34,374,193,257",0
319660,피에스케이,"28,150","-750","-2.60","10,449,634,050","415,635,313,000",0
031980,피에스케이홀딩스,"6,690","-140","-2.05","79,621,780","144,252,422,550",0
002230,피에스텍,"3,915","-60","-1.51","58,503,010","77,005,086,345",0
137400,피엔티,"13,900","-400","-2.80","12,105,814,400","301,844,949,600",0
128660,피제이메탈,"2,050","-10","-0.49","1,018,581,680","50,846,906,450",0
006140,피제이전자,"4,625","-70","-1.49","120,728,095","69,375,000,000",0
062970,피피아이,"9,540","-420","-4.22","3,357,847,450","88,800,084,900",0
087600,픽셀플러스,"4,950","-120","-2.37","77,512,110","40,424,462,100",0
057880,필로시스헬스케어,"1,310","0","0.00","3,492,889,315","73,090,018,170",0
161580,필옵틱스,"12,200","-450","-3.56","4,358,715,650","230,093,232,200",0
320000,하나금융13호스팩,"3,580","-75","-2.05","625,061,940","12,175,580,000",0
332710,하나금융14호스팩,"2,050","5","0.24","28,733,180","9,040,500,000",0
341160,하나금융15호스팩,"2,045","-15","-0.73","20,138,875","9,631,950,000",0
343510,하나금융16호스팩,"2,025","5","0.25","104,830,000","8,120,250,000",0
067310,하나마이크론,"5,140","-50","-0.96","3,210,312,210","156,099,286,540",0
307160,하나머스트제6호스팩,"2,120","40","1.92","64,099,160","9,730,800,000",0
166090,하나머티리얼즈,"24,950","-700","-2.73","9,422,834,900","489,710,466,300",0
136480,하림,"2,825","-20","-0.70","1,942,334,065","300,042,408,150",0
003380,하림지주,"6,990","-20","-0.29","953,003,290","645,469,321,800",0
149980,하이로닉,"4,350","-45","-1.02","219,736,355","61,334,978,250",0
013030,하이록코리아,"13,150","-100","-0.75","657,503,050","179,014,000,800",0
126700,하이비젼시스템,"11,200","-300","-2.61","6,932,587,950","167,351,654,400",0
106080,하이소닉,"-","0","0.00","0","49,168,439,010",0
317240,하이제4호스팩,"-","0","0.00","0","8,976,000,000",0
340120,하이제5호스팩,"2,000","0","0.00","21,900","10,040,000,000",0
221840,하이즈항공,"3,750","-75","-1.96","48,395,935","66,360,626,250",0
106190,하이텍팜,"10,650","300","2.90","2,817,073,350","75,495,528,300",0
066130,하츠,"6,280","-140","-2.18","1,518,416,840","80,384,000,000",0
004590,한국가구,"4,490","-15","-0.33","70,454,470","67,350,000,000",0
039340,한국경제TV,"5,590","-140","-2.44","715,048,070","128,570,000,000",0
034950,한국기업평가,"75,500","-200","-0.26","638,415,100","342,808,807,000",0
222980,한국맥널티,"6,810","0","0.00","1,258,598,680","70,148,972,370",0
318000,한국바이오젠,"7,050","-190","-2.62","1,430,202,480","57,315,266,250",0
256840,한국비엔씨,"2,965","-25","-0.84","6,631,359,420","151,393,042,320",0
025550,한국선재,"2,840","-45","-1.56","458,552,405","69,643,201,360",0
023890,한국아트라스비엑스,"45,500","500","1.11","103,145,650","416,325,000,000",0
017890,한국알콜,"16,200","-550","-3.28","42,492,073,200","350,013,312,000",0
080720,한국유니온제약,"15,000","-600","-3.85","27,165,036,400","88,555,920,000",0
063570,한국전자금융,"6,260","-110","-1.73","975,824,610","213,764,777,280",0
041460,한국전자인증,"5,860","-90","-1.51","2,236,141,170","125,751,199,140",0
101680,한국정밀기계,"1,745","-85","-4.64","44,488,730","14,664,980,000",0
039740,한국정보공학,"3,145","35","1.13","346,624,475","25,217,858,565",0
053300,한국정보인증,"6,290","-190","-2.93","12,936,517,630","196,027,850,000",0
025770,한국정보통신,"9,240","-20","-0.22","692,021,620","345,985,064,040",0
281410,한국제6호스팩,"2,065","10","0.49","106,312,545","9,313,150,000",0
291210,한국제7호스팩,"-","0","0.00","0","10,474,200,000",0
310870,한국제8호스팩,"2,025","15","0.75","4,060","6,925,500,000",0
023760,한국캐피탈,"503","-4","-0.79","215,428,786","158,751,616,728",0
054040,한국컴퓨터,"2,395","-30","-1.24","141,078,330","38,490,739,550",0
050540,한국코퍼레이션,"-","0","0.00","0","10,937,537,226",0
021650,한국큐빅,"2,730","25","0.92","509,959,605","44,637,036,990",0
053590,한국테크놀로지,"1,000","-20","-1.96","963,588,181","100,281,799,000",0
037230,한국팩키지,"2,910","-110","-3.64","5,062,215,525","72,750,000,000",0
030520,한글과컴퓨터,"15,400","-700","-4.35","7,536,852,900","376,380,912,600",0
052600,한네트,"3,900","-40","-1.02","1,708,147,420","45,098,430,000",0
256150,한독크린텍,"21,300","-750","-3.40","4,290,572,650","87,138,300,000",0
092460,한라IMS,"5,430","-40","-0.73","85,566,130","63,775,230,540",0
222810,한류AI센터,"364","-135","-27.05","3,266,170,647","18,973,952,088",0
039670,한류타임즈,"-","0","0.00","0","54,949,071,884",0
047080,한빛소프트,"2,765","-40","-1.43","247,470,640","68,516,246,540",0
070590,한솔인티큐브,"2,950","-70","-2.32","345,277,260","40,944,586,950",0
226440,한송네오텍,"1,225","-25","-2.00","675,009,350","49,931,710,500",0
042520,한스바이오메드,"20,600","-150","-0.72","2,826,226,350","205,934,492,000",0
078350,한양디지텍,"5,460","-140","-2.50","143,190,380","61,656,531,300",0
045100,한양이엔지,"9,690","-250","-2.52","1,429,699,140","174,420,000,000",0
046110,한일네트웍스,"4,560","0","0.00","518,027,795","54,511,275,120",0
024740,한일단조,"1,850","-25","-1.33","8,122,392,225","55,298,956,800",0
005860,한일사료,"1,875","70","3.88","2,405,978,710","73,881,909,375",0
123840,한일진공,"593","7","1.19","130,175,370","38,133,444,361",0
007770,한일화학,"9,890","60","0.61","97,352,720","34,713,900,000",0
079170,한창산업,"5,370","-60","-1.10","67,046,380","27,924,000,000",0
086960,한컴MDS,"12,550","-450","-3.46","1,088,172,000","110,799,030,400",0
054920,한컴위드,"3,490","-45","-1.27","747,083,705","98,477,612,690",0
002680,한탑,"1,775","-25","-1.39","67,601,055","39,581,527,300",0
066110,한프,"-","0","0.00","0","25,343,808,000",0
317320,한화에스비아이스팩,"2,855","-25","-0.87","222,858,850","12,447,800,000",0
340440,한화플러스제1호스팩,"2,005","0","0.00","60,150","9,443,550,000",0
102210,해덕파워웨이,"-","0","0.00","0","81,066,045,500",0
220630,해마로푸드서비스,"2,420","-5","-0.21","425,913,090","246,398,425,020",0
034810,해성산업,"12,300","0","0.00","1,634,552,000","222,863,392,500",0
076610,해성옵틱스,"2,440","-40","-1.61","4,528,002,740","76,348,497,920",0
220180,핸디소프트,"3,450","-165","-4.56","213,512,015","66,930,000,000",0
008800,행남사,"-","0","0.00","0","80,762,168,880",0
084990,헬릭스미스,"56,900","-200","-0.35","14,224,169,500","1,522,969,126,600",0
170030,현대공업,"4,600","-220","-4.56","1,774,067,265","70,564,000,000",0
048410,현대바이오,"13,000","50","0.39","109,034,648,350","466,906,401,000",0
016790,현대사료,"16,150","1,250","8.39","8,327,289,600","99,330,348,900",0
039010,현대통신,"6,730","-50","-0.74","142,196,410","58,046,250,000",0
092300,현우산업,"3,205","-40","-1.23","377,470,170","49,044,599,035",0
053660,현진소재,"-","0","0.00","0","21,280,401,200",0
011080,형지I&C,"946","96","11.29","15,468,502,511","36,852,061,928",0
060560,홈센타홀딩스,"1,395","130","10.28","4,925,075,670","118,732,658,715",0
064240,홈캐스트,"3,500","25","0.72","417,406,335","115,831,646,000",0
039610,화성밸브,"5,370","-70","-1.29","313,504,540","55,903,848,000",0
126640,화신정공,"1,210","-25","-2.02","1,221,603,650","44,012,403,270",0
204630,화이브라더스코리아,"3,345","215","6.87","2,414,223,350","96,611,096,145",0
061250,화일약품,"12,450","-50","-0.40","259,734,941,100","215,400,550,050",0
097870,효성오앤비,"7,120","160","2.30","334,561,960","60,448,800,000",0
050090,휘닉스소재,"536","0","0.00","132,616,893","42,418,472,912",0
290270,휴네시온,"4,960","-110","-2.17","229,151,290","47,654,053,120",0
090710,휴림로봇,"724","-15","-2.03","853,729,085","60,127,580,256",0
205470,휴마시스,"11,950","-350","-2.85","40,154,394,050","408,974,589,250",0
115160,휴맥스,"3,295","-40","-1.20","530,413,150","78,789,374,410",0
028080,휴맥스홀딩스,"2,795","45","1.64","52,246,710","35,154,129,270",0
200670,휴메딕스,"28,450","2,150","8.17","65,032,965,850","283,680,469,300",0
065510,휴비츠,"6,880","-50","-0.72","449,409,340","81,754,152,480",0
243070,휴온스,"60,500","500","0.83","43,230,015,500","597,785,012,000",0
084110,휴온스글로벌,"32,750","0","0.00","5,785,984,650","375,450,159,250",0
145020,휴젤,"165,200","-1,600","-0.96","4,792,674,600","713,625,178,000",0
024060,흥구석유,"6,680","-130","-1.91","1,003,052,580","100,200,000,000",0
010240,흥국,"4,390","45","1.04","992,459,170","54,096,635,440",0
189980,흥국에프엔비,"1,610","-30","-1.83","265,048,725","59,097,392,550",0
037440,희림,"3,660","0","0.00","123,660,245","50,956,258,500",0
238490,힘스,"11,300","-400","-3.42","2,493,629,050","127,828,266,800",0