095570,AJ네트웍스,"3,280","-30","-0.91","540,229,730","153,577,127,600",0
006840,AK홀딩스,"18,950","-50","-0.26","1,095,441,200","251,041,280,950",0
027410,BGF,"4,235","15","0.36","562,686,845","405,360,609,885",0
282330,BGF리테일,"126,000","-1,000","-0.79","3,816,754,000","2,177,772,156,000",0
138930,BNK금융지주,"5,120","30","0.59","6,917,774,780","1,668,788,459,520",0
001460,BYC,"207,000","1,000","0.49","213,659,000","129,295,305,000",0
001040,CJ,"82,900","-1,200","-1.43","9,650,884,100","2,418,773,134,200",0
079160,CJ CGV,"19,350","50","0.26","3,539,473,500","409,471,406,550",0
000120,CJ대한통운,"155,000","500","0.32","16,046,983,500","3,535,913,320,000",0
011150,CJ씨푸드,"3,560","-10","-0.28","1,858,906,055","127,913,551,880",0
097950,CJ제일제당,"366,500","-3,000","-0.81","23,250,160,000","5,517,359,169,000",0
000590,CS홀딩스,"64,700","-400","-0.61","112,802,700","74,694,985,400",0
012030,DB,"700","-5","-0.71","473,183,885","140,821,753,100",0
016610,DB금융투자,"3,570","5","0.14","492,708,550","151,533,608,730",0
005830,DB손해보험,"46,600","500","1.08","7,122,489,850","3,299,280,000,000",0
000990,DB하이텍,"33,300","2,250","7.25","171,737,312,750","1,478,472,980,400",0
139130,DGB금융지주,"5,110","0","0.00","3,284,466,190","864,335,206,630",0
001530,DI동일,"73,700","-300","-0.41","855,751,300","181,715,383,300",0
004840,DRB동일,"6,750","-50","-0.74","286,235,950","134,527,500,000",0
155660,DSR,"4,105","-45","-1.08","261,749,885","65,680,000,000",0
069730,DSR제강,"4,395","-80","-1.79","601,772,010","63,288,000,000",0
017940,E1,"37,400","1,150","3.17","829,767,150","256,564,000,000",0
007700,F&F,"80,400","-500","-0.62","6,441,787,700","1,238,160,000,000",0
114090,GKL,"12,700","0","0.00","4,714,107,300","785,567,009,000",0
078930,GS,"34,900","-150","-0.43","11,021,077,700","3,242,746,692,200",0
006360,GS건설,"26,400","-50","-0.19","11,553,157,200","2,114,582,025,600",0
001250,GS글로벌,"1,720","5","0.29","339,597,045","141,958,074,080",0
007070,GS리테일,"34,550","-150","-0.43","7,022,960,650","2,660,350,000,000",0
012630,HDC,"9,580","90","0.95","4,075,725,720","572,325,687,180",0
039570,HDC아이콘트롤스,"8,050","80","1.00","224,462,980","132,503,000,000",0
089470,HDC현대EP,"4,135","50","1.22","244,085,490","131,906,500,000",0
294870,HDC현대산업개발,"21,800","-150","-0.68","50,990,263,350","1,436,779,794,000",0
011200,HMM,"5,170","-30","-0.58","7,321,770,520","1,689,175,089,910",0
082740,HSD엔진,"4,830","-110","-2.23","2,600,548,025","159,134,695,860",0
003560,IHQ,"1,510","5","0.33","588,717,555","220,815,979,480",0
175330,JB금융지주,"4,715","-25","-0.53","1,041,712,885","928,774,345,210",0
234080,JW생명과학,"19,700","-50","-0.25","4,384,475,150","311,940,713,800",0
001060,JW중외제약,"37,600","-200","-0.53","10,171,363,350","786,594,030,400",0
096760,JW홀딩스,"5,480","-30","-0.54","1,424,243,610","364,157,809,400",0
105560,KB금융,"35,700","250","0.71","62,069,042,400","14,844,342,744,000",0
002380,KCC,"134,500","-500","-0.37","3,849,369,000","1,195,230,349,500",0
009070,KCTC,"2,290","-20","-0.87","295,204,990","68,700,000,000",0
009440,KC그린홀딩스,"4,190","-75","-1.76","387,094,140","94,002,566,200",0
119650,KC코트렐,"5,980","-140","-2.29","1,764,151,000","77,740,000,000",0
092220,KEC,"834","-1","-0.12","403,434,997","97,333,587,960",0
016380,KG동부제철,"12,200","-300","-2.40","739,459,700","1,220,108,543,400",0
001390,KG케미칼,"13,900","-100","-0.71","1,943,598,550","180,883,924,800",0
001940,KISCO홀딩스,"11,400","-200","-1.72","42,053,550","210,630,732,000",0
025000,KPX케미칼,"45,600","-300","-0.65","77,312,650","220,704,000,000",0
092230,KPX홀딩스,"42,150","-50","-0.12","31,935,750","178,068,828,900",0
000040,KR모터스,"724","-14","-1.90","516,560,577","66,362,577,032",0
044450,KSS해운,"8,390","-100","-1.18","206,146,840","194,529,533,200",0
030200,KT,"23,700","100","0.42","21,257,060,400","6,188,349,849,600",0
033780,KT&G,"81,200","600","0.74","23,225,738,200","11,148,150,756,400",0
030210,KTB투자증권,"2,500","10","0.40","517,337,490","150,785,230,000",0
058850,KTcs,"1,825","15","0.83","446,427,180","77,900,125,000",0
058860,KTis,"2,245","-5","-0.22","409,653,285","78,130,490,000",0
093050,LF,"12,100","-100","-0.82","597,127,000","353,804,000,000",0
003550,LG,"75,800","1,500","2.02","23,707,071,300","13,079,830,529,800",0
034220,LG디스플레이,"12,400","150","1.22","28,909,476,450","4,436,914,680,000",0
001120,LG상사,"15,100","0","0.00","2,603,902,250","585,276,000,000",0
051900,LG생활건강,"1,350,000","4,000","0.30","50,113,969,000","21,084,565,950,000",0
032640,LG유플러스,"11,600","200","1.75","23,078,410,200","5,064,691,787,600",0
011070,LG이노텍,"163,000","6,000","3.82","47,644,367,000","3,857,738,441,000",0
066570,LG전자,"72,500","-1,100","-1.49","71,009,610,600","11,864,466,515,000",0
108670,LG하우시스,"61,300","100","0.16","3,323,581,100","549,718,171,000",0
037560,LG헬로비전,"4,005","45","1.14","607,759,650","310,174,694,325",0
051910,LG화학,"528,000","11,000","2.13","196,245,903,000","37,272,757,104,000",0
079550,LIG넥스원,"33,350","-350","-1.04","3,943,848,450","733,700,000,000",0
006260,LS,"42,450","-1,150","-2.64","9,736,508,900","1,366,890,000,000",0
010120,LS ELECTRIC,"56,200","-3,800","-6.33","17,910,179,500","1,686,000,000,000",0
000680,LS네트웍스,"2,280","-25","-1.08","1,448,791,900","179,670,876,480",0
229640,LS전선아시아,"6,900","70","1.02","601,566,030","211,311,665,100",0
023150,MH에탄올,"6,990","-80","-1.13","499,234,750","51,575,896,740",0
035420,NAVER,"288,000","3,500","1.23","282,133,831,000","47,307,857,760,000",0
181710,NHN,"82,000","-400","-0.49","5,585,955,400","1,604,332,050,000",0
005940,NH투자증권,"8,790","-60","-0.68","11,798,268,870","2,473,584,116,730",0
338100,NH프라임리츠,"4,470","0","0.00","161,708,990","83,410,200,000",0
034310,NICE,"20,750","0","0.00","755,686,000","786,057,725,000",0
008260,NI스틸,"2,225","-70","-3.05","682,746,540","63,635,260,325",0
004250,NPC,"3,425","-25","-0.72","74,973,735","125,766,000,000",0
010060,OCI,"52,900","-800","-1.49","24,878,396,400","1,261,631,725,900",0
005490,POSCO,"202,000","6,000","3.06","93,215,424,000","17,611,740,670,000",0
100840,S&TC,"15,650","-150","-0.95","182,341,550","117,480,027,150",0
064960,S&T모티브,"43,750","-50","-0.11","2,122,556,550","639,762,200,000",0
003570,S&T중공업,"5,190","100","1.96","572,031,830","172,581,497,430",0
036530,S&T홀딩스,"15,100","-50","-0.33","91,928,550","246,188,678,600",0
010950,S-Oil,"61,600","400","0.65","18,378,571,500","6,935,099,987,200",0
034120,SBS,"16,250","250","1.56","545,087,250","296,604,457,500",0
101060,SBS미디어홀딩스,"1,880","0","0.00","83,231,305","263,004,837,200",0
004060,SG세계물산,"629","-16","-2.48","1,450,635,415","127,325,299,840",0
001380,SG충방,"1,695","-65","-3.69","2,082,931,805","76,214,222,385",0
002360,SH에너지화학,"829","0","0.00","898,453,737","92,129,862,170",0
009160,SIMPAC,"2,395","-5","-0.21","135,399,935","156,703,690,820",0
123700,SJM,"2,540","-15","-0.59","21,666,580","39,636,440,920",0
025530,SJM홀딩스,"2,520","-15","-0.59","47,354,190","37,633,700,160",0
034730,SK,"226,500","0","0.00","71,199,314,000","15,936,607,270,500",0
011790,SKC,"70,400","1,100","1.59","19,331,775,700","2,642,432,672,000",0
018670,SK가스,"83,700","2,300","2.83","4,011,159,800","772,571,422,800",0
001740,SK네트웍스,"5,190","20","0.39","3,352,877,190","1,288,093,887,930",0
006120,SK디스커버리,"52,000","-100","-0.19","85,914,614,850","989,968,460,000",0
210980,SK디앤디,"33,750","-1,150","-3.30","5,083,578,100","640,918,035,000",0
068400,SK렌터카,"9,200","10","0.11","546,233,680","329,039,288,000",0
326030,SK바이오팜,"190,000","-1,500","-0.78","66,917,044,500","14,879,517,500,000",0
096770,SK이노베이션,"133,000","2,000","1.53","74,284,945,500","12,297,920,012,000",0
001510,SK증권,"836","-7","-0.83","6,972,641,873","395,085,382,956",0
285130,SK케미칼,"292,500","-17,500","-5.65","360,612,089,500","3,434,358,330,000",0
017670,SK텔레콤,"214,000","5,500","2.64","89,405,256,000","17,279,582,154,000",0
000660,SK하이닉스,"83,100","300","0.36","378,147,743,500","60,496,996,531,500",0
005610,SPC삼립,"66,800","-100","-0.15","762,052,700","576,417,801,200",0
011810,STX,"5,630","-50","-0.88","202,379,280","111,062,458,260",0
077970,STX엔진,"5,820","-80","-1.36","202,809,520","133,911,821,280",0
071970,STX중공업,"2,355","-80","-3.29","286,680,205","66,801,873,480",0
084870,TBH글로벌,"1,825","-90","-4.70","780,117,150","38,063,694,675",0
002710,TCC스틸,"1,850","-15","-0.80","71,060,325","42,550,000,000",0
024070,WISCOM,"2,275","5","0.22","74,132,890","34,867,646,450",0
037270,YG PLUS,"3,300","0","0.00","3,995,781,480","191,963,323,200",0
000500,가온전선,"16,700","0","0.00","50,365,400","69,477,794,900",0
000860,강남제비스코,"15,250","150","0.99","148,881,150","99,125,000,000",0
035250,강원랜드,"22,750","-200","-0.87","15,305,201,200","4,867,146,375,000",0
011420,갤럭시아에스엠,"1,415","30","2.17","419,558,470","38,982,746,260",0
002100,경농,"13,550","-650","-4.58","8,386,138,600","293,923,212,500",0
009450,경동나비엔,"51,800","400","0.78","2,941,549,200","659,906,618,000",0
267290,경동도시가스,"16,800","50","0.30","159,704,050","99,042,820,800",0
012320,경동인베스트,"27,900","-100","-0.36","44,163,250","65,984,141,700",0
000050,경방,"11,700","-300","-2.50","276,202,100","320,758,659,000",0
214390,경보제약,"10,750","350","3.37","4,197,684,000","256,998,745,000",0
012610,경인양행,"8,680","-120","-1.36","7,127,365,770","357,584,448,200",0
009140,경인전자,"18,850","150","0.80","16,254,350","29,609,523,450",0
013580,계룡건설,"23,850","-3,200","-11.83","17,735,495,950","213,002,131,950",0
012200,계양전기,"2,780","-50","-1.77","392,265,190","90,628,000,000",0
002140,고려산업,"3,705","-55","-1.46","1,461,261,705","92,400,569,625",0
010130,고려아연,"433,500","3,000","0.70","79,351,686,000","8,180,145,000,000",0
002240,고려제강,"16,100","50","0.31","948,964,700","322,000,000,000",0
009290,광동제약,"9,550","-260","-2.65","31,464,691,480","500,619,127,050",0
017040,광명전기,"1,900","-5","-0.26","474,129,075","82,341,468,500",0
017900,광전자,"2,460","115","4.90","56,214,593,365","142,541,656,980",0
037710,광주신세계,"135,000","0","0.00","28,610,000","216,000,000,000",0
030610,교보증권,"6,830","-20","-0.29","779,443,790","441,582,011,680",0
007690,국도화학,"37,600","-550","-1.44","522,268,550","218,479,161,600",0
005320,국동,"2,990","165","5.84","6,721,778,965","113,698,080,860",0
001140,국보,"2,350","-120","-4.86","3,371,273,440","104,801,391,950",0
002720,국제약품,"10,800","250","2.37","8,566,482,250","198,725,616,000",0
083420,그린케미칼,"3,320","5","0.15","324,485,925","79,680,000,000",0
014530,극동유화,"3,085","15","0.49","192,989,620","107,572,160,700",0
014280,금강공업,"3,565","-40","-1.11","210,573,845","93,258,806,445",0
008870,금비,"57,500","-800","-1.37","87,813,400","57,500,000,000",0
001570,금양,"4,060","-90","-2.17","1,540,132,055","178,835,428,100",0
002990,금호산업,"7,120","530","8.04","42,779,421,200","260,833,538,880",0
011780,금호석유,"85,900","-1,700","-1.94","17,904,799,900","2,617,174,656,900",0
214330,금호에이치티,"2,490","-260","-9.45","7,926,123,750","68,976,045,270",0
001210,금호전기,"3,600","-125","-3.36","408,223,945","43,134,552,000",0
073240,금호타이어,"2,945","-15","-0.51","1,779,205,240","845,981,545,215",0
092440,기신정기,"3,100","20","0.65","83,382,390","90,520,000,000",0
000270,기아차,"37,700","0","0.00","63,906,871,050","15,282,198,181,900",0
024110,기업은행,"8,300","10","0.12","15,923,650,500","5,614,714,064,200",0
013700,까뮤이앤씨,"1,295","-15","-1.15","360,972,530","58,472,202,600",0
004540,깨끗한나라,"3,840","-155","-3.88","1,905,126,815","143,004,261,120",0
001260,남광토건,"10,850","50","0.46","270,447,450","106,640,429,350",0
008350,남선알미늄,"5,530","10","0.18","15,889,670,210","609,290,367,700",0
004270,남성,"2,920","30","1.04","1,152,843,380","105,739,507,200",0
003920,남양유업,"270,000","-3,000","-1.10","849,015,500","194,400,000,000",0
002070,남영비비안,"1,060","-65","-5.78","8,397,171,930","72,800,217,000",0
025860,남해화학,"7,900","-130","-1.62","2,023,853,580","392,462,859,700",0
005720,넥센,"3,985","20","0.50","188,955,565","213,372,748,345",0
002350,넥센타이어,"5,190","-30","-0.57","1,040,773,770","506,896,281,630",0
003580,넥스트사이언스,"5,150","-30","-0.58","1,266,862,360","164,866,651,300",0
251270,넷마블,"127,500","2,000","1.59","76,668,092,500","10,939,614,367,500",0
090350,노루페인트,"7,460","0","0.00","311,764,370","149,200,000,000",0
000320,노루홀딩스,"9,350","20","0.21","41,120,570","124,272,261,850",0
006280,녹십자,"235,500","-2,000","-0.84","71,950,356,500","2,752,179,699,000",0
005250,녹십자홀딩스,"27,050","100","0.37","5,297,193,550","1,272,113,080,500",0
004370,농심,"365,000","0","0.00","12,725,897,000","2,220,164,330,000",0
072710,농심홀딩스,"81,900","-400","-0.49","160,425,300","379,835,001,000",0
058730,다스코,"4,975","-25","-0.50","90,554,520","76,615,000,000",0
023590,다우기술,"21,250","500","2.41","4,833,650,450","953,415,611,250",0
019680,대교,"4,085","0","0.00","211,145,955","346,011,142,250",0
006370,대구백화점,"4,900","5","0.10","18,509,790","53,025,893,900",0
008060,대덕,"6,720","90","1.36","4,724,738,090","192,125,115,840",0
353200,대덕전자,"13,600","900","7.09","217,772,348,650","672,070,180,000",0
000490,대동공업,"6,790","-100","-1.45","937,419,510","161,114,545,900",0
008110,대동전자,"4,225","30","0.72","62,622,450","44,322,138,575",0
005750,대림B&Co,"5,190","-50","-0.95","180,112,740","86,528,925,600",0
001880,대림건설,"27,750","-2,500","-8.26","11,500,347,350","611,978,631,000",0
000210,대림산업,"83,700","-600","-0.71","19,782,531,000","2,912,760,000,000",0
004440,대림씨엔에스,"7,000","-40","-0.57","279,250,740","89,123,629,000",0
006570,대림통상,"4,425","120","2.79","1,081,340","67,370,625,000",0
001680,대상,"25,400","-250","-0.97","6,790,101,750","880,059,835,000",0
084690,대상홀딩스,"8,500","20","0.24","1,738,124,750","307,806,573,000",0
128820,대성산업,"3,200","-75","-2.29","398,144,295","144,753,529,600",0
117580,대성에너지,"4,905","0","0.00","105,088,705","134,887,500,000",0
016710,대성홀딩스,"14,000","200","1.45","914,597,550","225,252,426,000",0
003540,대신증권,"10,400","50","0.48","570,999,350","528,043,360,000",0
009190,대양금속,"4,650","40","0.87","16,192,118,900","137,481,616,350",0
014160,대영포장,"1,060","5","0.47","806,288,790","114,898,221,940",0
047040,대우건설,"3,755","250","7.13","21,423,585,905","1,560,663,005,690",0
009320,대우부품,"2,410","15","0.63","1,494,904,700","114,827,763,750",0
042660,대우조선해양,"23,550","-100","-0.42","5,342,666,600","2,524,695,459,600",0
003090,대웅,"26,000","-50","-0.19","12,911,808,150","1,511,691,480,000",0
069620,대웅제약,"109,500","0","0.00","10,661,413,500","1,268,729,962,500",0
000430,대원강업,"3,090","-20","-0.64","36,783,690","191,580,000,000",0
006340,대원전선,"1,010","-10","-0.98","471,010,610","68,788,242,710",0
003220,대원제약,"21,500","450","2.14","31,530,150,650","435,237,464,500",0
024890,대원화성,"1,760","-30","-1.68","355,980,560","72,598,507,520",0
002880,대유에이텍,"675","-2","-0.30","87,429,557","72,168,291,225",0
000300,대유플러스,"635","-3","-0.47","131,347,173","71,909,874,595",0
012800,대창,"1,235","30","2.49","6,715,277,200","112,558,516,265",0
015230,대창단조,"26,500","-250","-0.93","161,611,150","75,716,409,500",0
001070,대한방직,"33,150","-300","-0.90","260,825,050","175,695,000,000",0
006650,대한유화,"129,500","5,000","4.02","11,124,707,500","841,750,000,000",0
001440,대한전선,"931","-45","-4.61","9,524,250,969","797,376,371,379",0
084010,대한제강,"6,620","-40","-0.60","241,377,660","163,161,379,080",0
001790,대한제당,"19,700","-100","-0.51","366,448,250","176,702,262,600",0
001130,대한제분,"156,500","2,500","1.62","1,414,807,500","264,485,000,000",0
003490,대한항공,"17,900","300","1.70","98,467,824,850","1,697,718,948,600",0
005880,대한해운,"16,000","50","0.31","1,059,678,400","390,833,744,000",0
003830,대한화섬,"87,900","800","0.92","78,082,700","116,731,200,000",0
016090,대현,"1,750","-30","-1.69","268,779,530","77,494,042,500",0
069460,대호에이엘,"2,315","80","3.58","769,134,600","62,817,152,285",0
192080,더블유게임즈,"76,300","200","0.26","10,514,525,700","1,401,974,502,600",0
012510,더존비즈온,"105,000","0","0.00","4,799,543,000","3,115,633,500,000",0
004830,덕성,"4,500","-130","-2.81","1,921,070,240","70,560,000,000",0
024900,덕양산업,"1,545","-20","-1.28","995,332,075","50,312,894,100",0
145720,덴티움,"44,900","1,000","2.28","10,065,861,150","496,990,467,000",0
002150,도화엔지니어링,"7,940","-20","-0.25","672,974,300","267,736,800,000",0
001230,동국제강,"6,010","-40","-0.66","3,045,846,240","573,550,749,370",0
023450,동남합성,"32,250","-100","-0.31","62,091,300","116,422,500,000",0
004140,동방,"1,900","-15","-0.78","524,896,420","63,584,617,200",0
007590,동방아그로,"6,470","-60","-0.92","176,144,190","88,105,723,190",0
005960,동부건설,"11,900","0","0.00","1,014,261,650","260,338,977,500",0
026960,동서,"21,000","200","0.96","6,551,824,650","2,093,700,000,000",0
002210,동성제약,"12,900","-750","-5.49","18,270,603,250","336,312,649,200",0
102260,동성코퍼레이션,"3,905","10","0.26","107,544,855","171,792,711,860",0
005190,동성화학,"16,150","-150","-0.92","140,491,400","86,169,358,600",0
000640,동아쏘시오홀딩스,"103,000","0","0.00","2,250,617,000","632,244,591,000",0
170900,동아에스티,"96,700","0","0.00","4,672,407,400","816,522,035,600",0
028100,동아지질,"15,750","150","0.96","1,779,379,400","181,125,000,000",0
282690,동아타이어,"10,700","-100","-0.93","4,394,650","146,943,260,500",0
001520,동양,"1,195","-20","-1.65","1,250,782,675","285,227,455,285",0
084670,동양고속,"26,450","-50","-0.19","91,221,050","76,587,800,050",0
002900,동양물산,"1,070","-30","-2.73","2,193,690,620","134,824,932,700",0
082640,동양생명,"3,005","10","0.33","119,860,815","484,882,547,925",0
008970,동양철관,"1,050","5","0.48","1,270,938,310","124,829,554,500",0
092780,동양피스톤,"5,240","170","3.35","1,268,709,000","69,002,730,400",0
049770,동원F&B,"183,500","-4,500","-2.39","1,361,373,000","708,149,254,000",0
018500,동원금속,"688","-2","-0.29","156,506,373","32,167,393,904",0
006040,동원산업,"195,500","-1,000","-0.51","897,472,000","718,978,815,500",0
030720,동원수산,"9,160","-80","-0.87","373,897,560","42,628,853,800",0
014820,동원시스템즈,"21,200","-250","-1.17","411,053,000","543,112,433,200",0
163560,동일고무벨트,"8,100","-50","-0.61","420,968,660","110,565,000,000",0
004890,동일산업,"69,500","500","0.72","262,299,400","168,552,442,500",0
002690,동일제강,"1,895","0","0.00","53,358,405","28,425,000,000",0
000020,동화약품,"23,450","450","1.96","45,505,522,450","654,992,971,500",0
000150,두산,"42,350","-1,650","-3.75","6,683,569,200","699,784,412,250",0
241560,두산밥캣,"27,950","-200","-0.71","10,692,743,250","2,801,964,189,700",0
336370,두산솔루스,"38,150","1,750","4.81","67,550,860,100","1,166,999,267,700",0
042670,두산인프라코어,"7,380","-60","-0.81","83,249,070,060","1,545,001,848,720",0
034020,두산중공업,"9,950","1,240","14.24","68,699,254,490","2,518,750,741,100",0
336260,두산퓨얼셀,"46,000","800","1.77","93,871,482,050","2,552,711,396,000",0
016740,두올,"3,810","315","9.01","14,222,832,330","103,124,050,800",0
192650,드림텍,"11,600","400","3.57","77,470,086,750","720,070,092,800",0
024090,디씨엠,"11,050","50","0.45","48,782,300","129,285,000,000",0
003160,디아이,"4,115","-15","-0.36","628,814,935","129,609,270,275",0
092200,디아이씨,"1,590","0","0.00","291,812,220","61,832,824,710",0
013570,디와이,"4,145","125","3.11","864,509,345","109,094,878,785",0
210540,디와이파워,"11,800","-100","-0.84","3,990,054,450","130,292,154,400",0
007340,디티알오토모티브,"23,900","50","0.21","170,120,650","238,856,719,500",0
026890,디피씨,"17,600","850","5.07","111,345,883,900","733,535,880,000",0
115390,락앤락,"10,800","0","0.00","1,019,462,700","585,215,280,000",0
032350,롯데관광개발,"16,200","-400","-2.41","5,489,183,050","1,122,265,724,400",0
330590,롯데리츠,"5,100","-30","-0.58","1,699,160,860","877,041,308,400",0
000400,롯데손해보험,"1,770","20","1.14","761,557,100","549,295,286,400",0
023530,롯데쇼핑,"78,000","-100","-0.13","5,627,335,800","2,206,522,890,000",0
004000,롯데정밀화학,"41,900","-900","-2.10","4,715,226,300","1,081,020,000,000",0
286940,롯데정보통신,"33,800","-100","-0.29","794,503,850","520,395,987,800",0
280360,롯데제과,"105,500","-1,000","-0.94","1,265,539,500","676,963,643,500",0
004990,롯데지주,"31,350","-150","-0.48","6,151,200,150","3,288,904,579,950",0
005300,롯데칠성,"100,000","-1,500","-1.48","2,119,415,000","799,346,000,000",0
011170,롯데케미칼,"171,500","500","0.29","26,556,473,500","5,878,234,358,500",0
002270,롯데푸드,"333,000","500","0.15","980,037,000","376,912,710,000",0
071840,롯데하이마트,"31,500","-50","-0.16","3,174,175,800","743,642,928,000",0
027740,마니커,"762","-26","-3.30","5,453,127,631","120,756,116,628",0
204320,만도,"23,400","150","0.65","8,703,082,550","1,098,796,608,000",0
001080,만호제강,"14,500","-300","-2.03","81,441,950","60,175,000,000",0
088980,맥쿼리인프라,"11,300","0","0.00","4,791,930,250","3,944,200,996,800",0
138040,메리츠금융지주,"8,710","-130","-1.47","1,352,693,860","1,167,238,370,740",0
008560,메리츠증권,"3,150","-5","-0.16","5,764,366,520","2,129,279,440,050",0
000060,메리츠화재,"12,650","-50","-0.39","2,094,161,700","1,438,052,000,000",0
090370,메타랩스,"1,205","15","1.26","245,222,410","76,746,374,085",0
017180,명문제약,"5,950","-110","-1.82","13,093,745,640","198,359,279,300",0
012690,모나리자,"5,900","-80","-1.34","2,589,229,890","215,770,404,500",0
005360,모나미,"8,390","-390","-4.44","216,573,769,030","158,548,405,730",0
204210,모두투어리츠,"2,755","-70","-2.48","8,139,305","21,562,875,325",0
009680,모토닉,"7,340","40","0.55","336,666,910","242,220,000,000",0
009580,무림P&P,"2,995","0","0.00","312,946,090","186,793,130,380",0
009200,무림페이퍼,"2,060","10","0.49","138,066,690","85,715,178,600",0
033920,무학,"5,370","40","0.75","368,208,820","153,045,000,000",0
008420,문배철강,"2,685","-90","-3.24","1,062,665,080","55,051,910,925",0
025560,미래산업,"3,325","0","0.00","467,774,300","56,074,023,600",0
007120,미래아이앤지,"377","-2","-0.53","256,430,692","48,815,523,796",0
006800,미래에셋대우,"7,540","0","0.00","16,887,008,210","4,865,685,716,320",0
085620,미래에셋생명,"3,260","-25","-0.76","640,692,710","577,072,776,140",0
002840,미원상사,"81,300","500","0.62","337,033,700","404,061,000,000",0
268280,미원에스씨,"80,200","-300","-0.37","219,914,000","409,020,000,000",0
107590,미원홀딩스,"47,000","-550","-1.16","80,398,200","109,040,000,000",0
134380,미원화학,"52,300","-200","-0.38","22,350,600","115,021,716,400",0
003650,미창석유,"57,700","-400","-0.69","26,340,800","100,379,074,400",0
155900,바다로19호,"2,630","5","0.19","3,702,125","39,976,010,520",0
003610,방림,"1,730","0","0.00","119,411,140","73,203,375,700",0
001340,백광산업,"3,710","195","5.55","24,173,456,410","166,647,289,970",0
035150,백산,"5,030","-10","-0.20","693,253,760","121,726,000,000",0
002410,범양건영,"5,320","130","2.50","6,391,639,560","132,106,144,240",0
007210,벽산,"1,810","-40","-2.16","901,471,290","124,093,600,000",0
002760,보락,"1,880","-5","-0.27","883,785,870","112,612,000,000",0
003850,보령제약,"16,050","-100","-0.62","10,170,373,800","764,301,000,000",0
000890,보해양조,"882","-15","-1.67","2,153,544,723","112,410,346,986",0
003000,부광약품,"38,100","-650","-1.68","125,514,229,800","2,470,326,961,800",0
001270,부국증권,"18,900","-250","-1.31","33,907,550","195,990,845,400",0
026940,부국철강,"5,360","70","1.32","3,210,168,660","107,200,000,000",0
015350,부산가스,"36,450","-100","-0.27","55,734,100","400,950,000,000",0
011390,부산산업,"129,500","-1,000","-0.77","2,680,174,500","136,752,000,000",0
005030,부산주공,"339","1","0.30","31,842,490","14,372,787,756",0
100220,비상교육,"7,030","10","0.14","208,413,430","91,367,089,230",0
030790,비케이탑스,"6,740","-160","-2.32","1,203,996,250","80,185,604,760",0
101140,비티원,"3,930","-25","-0.63","3,175,004,620","162,090,743,520",0
005180,빙그레,"61,200","-600","-0.97","1,370,274,800","602,895,949,200",0
003960,사조대림,"14,500","-200","-1.36","649,597,100","132,884,771,500",0
008040,사조동아원,"880","7","0.80","332,942,184","124,207,248,000",0
007160,사조산업,"34,250","-1,000","-2.84","14,650,605,250","171,250,000,000",0
014710,사조씨푸드,"3,935","-30","-0.76","804,686,845","67,754,966,705",0
006090,사조오양,"8,310","-190","-2.24","656,848,520","78,302,961,090",0
005090,삼광글라스,"28,600","-150","-0.52","106,365,650","138,836,354,800",0
001470,삼부토건,"713","-5","-0.70","492,340,964","98,070,560,384",0
006400,삼성SDI,"393,000","15,000","3.97","415,716,361,500","27,024,460,290,000",0
006660,삼성공조,"6,360","70","1.11","55,051,820","51,683,357,040",0
028260,삼성물산,"108,500","2,000","1.88","60,264,967,500","20,277,248,288,500",0
207940,삼성바이오로직스,"761,000","7,000","0.93","128,162,881,500","50,351,565,000,000",0
032830,삼성생명,"47,100","500","1.07","19,447,118,550","9,420,000,000,000",0
018260,삼성에스디에스,"174,000","500","0.29","19,553,036,000","13,463,737,200,000",0
028050,삼성엔지니어링,"12,000","-100","-0.83","12,278,715,850","2,352,000,000,000",0
009150,삼성전기,"144,500","6,500","4.71","197,757,902,000","10,793,239,072,000",0
005930,삼성전자,"58,600","3,000","5.40","2,803,148,376,939","349,829,257,430,000",0
001360,삼성제약,"4,250","-155","-3.52","24,297,837,430","261,586,280,250",0
010140,삼성중공업,"5,680","30","0.53","20,518,739,300","3,578,400,000,000",0
016360,삼성증권,"29,550","150","0.51","13,054,436,600","2,638,815,000,000",0
068290,삼성출판사,"21,750","-450","-2.03","1,928,049,600","217,500,000,000",0
029780,삼성카드,"28,050","-100","-0.36","6,205,807,800","3,249,841,892,550",0
000810,삼성화재,"175,500","-1,500","-0.85","31,195,437,000","8,314,283,893,500",0
006110,삼아알미늄,"5,270","-410","-7.22","1,474,501,920","57,970,000,000",0
145990,삼양사,"67,000","-1,100","-1.62","4,887,243,900","691,001,083,000",0
003230,삼양식품,"122,000","-2,000","-1.61","6,707,662,000","919,027,830,000",0
002170,삼양통상,"56,300","-200","-0.35","138,923,100","168,900,000,000",0
272550,삼양패키징,"18,400","-100","-0.54","281,551,650","261,460,393,600",0
000070,삼양홀딩스,"71,100","-900","-1.25","2,993,517,300","608,919,668,100",0
002810,삼영무역,"12,550","200","1.62","1,341,623,100","231,760,197,400",0
005680,삼영전자,"7,690","80","1.05","336,572,490","153,800,000,000",0
003720,삼영화학,"1,645","220","15.44","10,591,836,140","55,930,000,000",0
023000,삼원강재,"2,015","-5","-0.25","30,874,700","80,600,000,000",0
004380,삼익THK,"10,300","100","0.98","400,099,350","216,300,000,000",0
002450,삼익악기,"1,450","-15","-1.02","538,038,770","131,269,826,750",0
000520,삼일제약,"19,550","-150","-0.76","1,886,082,950","127,075,000,000",0
009770,삼정펄프,"25,400","0","0.00","67,623,750","63,499,263,400",0
005500,삼진제약,"29,400","0","0.00","4,983,502,600","408,660,000,000",0
004690,삼천리,"78,200","200","0.26","779,517,100","317,102,955,000",0
010960,삼호개발,"4,395","80","1.85","1,665,654,390","109,875,000,000",0
004450,삼화왕관,"41,750","-1,150","-2.68","74,724,300","89,945,323,250",0
009470,삼화전기,"19,200","700","3.78","4,368,443,300","126,985,344,000",0
011230,삼화전자,"3,080","-110","-3.45","864,126,825","32,210,455,200",0
001820,삼화콘덴서,"59,500","4,600","8.38","69,516,641,000","618,502,500,000",0
000390,삼화페인트,"4,915","15","0.31","159,461,665","129,946,461,165",0
001290,상상인증권,"1,050","-10","-0.94","48,355,295","100,913,858,850",0
041650,상신브레이크,"2,400","-50","-2.04","654,586,285","51,531,480,000",0
075180,새론오토모티브,"4,065","45","1.12","120,814,325","78,048,000,000",0
007540,샘표,"59,900","-2,800","-4.47","6,676,058,600","172,260,420,000",0
248170,샘표식품,"46,350","-1,650","-3.44","3,586,092,450","211,740,056,100",0
007860,서연,"6,530","-20","-0.31","4,231,982,580","153,323,381,320",0
200880,서연이화,"3,630","-75","-2.02","754,557,945","98,113,226,310",0
017390,서울가스,"68,100","-500","-0.73","31,240,600","340,500,000,000",0
004410,서울식품,"157","-1","-0.63","496,711,545","52,973,370,000",0
021050,서원,"3,680","0","0.00","3,960,838,085","174,706,491,200",0
008490,서흥,"56,600","100","0.18","3,090,077,000","654,811,795,800",0
007610,선도전기,"2,630","70","2.73","561,794,605","47,340,000,000",0
136490,선진,"10,050","0","0.00","553,716,670","238,985,020,200",0
002820,선창산업,"3,570","0","0.00","63,490,645","45,010,520,730",0
014910,성문전자,"1,530","-10","-0.65","255,586,265","29,814,891,210",0
003080,성보화학,"4,400","-35","-0.79","64,526,265","88,088,000,000",0
004980,성신양회,"7,830","-690","-8.10","14,122,608,430","191,960,851,590",0
011300,성안,"394","4","1.03","29,385,764","22,401,996,840",0
000180,성창기업지주,"1,720","45","2.69","361,875,290","119,972,752,000",0
002420,세기상사,"63,700","1,500","2.41","129,883,000","25,963,610,400",0
004360,세방,"10,300","50","0.49","380,131,850","198,879,507,000",0
004490,세방전지,"29,250","-50","-0.17","746,967,600","409,500,000,000",0
001430,세아베스틸,"11,300","-450","-3.83","3,390,012,700","405,241,944,700",0
306200,세아제강,"56,800","-1,700","-2.91","786,779,400","161,101,840,000",0
003030,세아제강지주,"38,700","-200","-0.51","179,685,800","160,282,125,900",0
019440,세아특수강,"10,450","50","0.48","67,417,350","89,556,500,000",0
058650,세아홀딩스,"73,000","-500","-0.68","1,979,000","292,000,000,000",0
013000,세우글로벌,"1,895","-10","-0.52","881,555,530","54,396,033,745",0
091090,세원셀론텍,"2,865","-30","-1.04","1,308,860,665","177,368,829,465",0
021820,세원정공,"-","0","0.00","0","80,900,000,000",0
067830,세이브존I&C,"2,185","10","0.46","56,395,320","89,674,355,575",0
033530,세종공업,"6,480","-220","-3.28","4,326,561,230","146,514,594,960",0
075580,세진중공업,"5,880","330","5.95","3,804,025,780","225,631,593,600",0
027970,세하,"1,615","10","0.62","960,551,045","47,744,240,155",0
145210,세화아이엠씨,"1,175","75","6.82","5,342,713,500","95,286,312,450",0
308170,센트랄모텍,"28,950","150","0.52","3,418,461,350","249,259,500,000",0
068270,셀트리온,"317,500","500","0.16","212,455,859,000","42,843,254,737,500",0
004430,송원산업,"13,250","150","1.15","1,198,939,300","318,000,000,000",0
017550,수산중공업,"1,730","-30","-1.70","986,750,930","93,394,331,990",0
053210,스카이라이프,"8,840","-80","-0.90","27,232,108,440","422,746,179,440",0
134790,시디즈,"50,300","0","0.00","116,169,400","100,600,000,000",0
016590,신대양제지,"56,600","200","0.35","534,245,400","228,085,661,200",0
029530,신도리코,"23,300","-100","-0.43","403,650,100","234,864,675,700",0
004970,신라교역,"9,910","60","0.61","46,586,440","158,560,000,000",0
011930,신성이엔지,"1,415","5","0.35","5,445,794,850","258,704,827,805",0
005390,신성통상,"2,240","-130","-5.49","75,329,808,570","321,906,793,600",0
004170,신세계,"209,500","500","0.24","10,331,959,500","2,062,565,419,500",0
035510,신세계 I&C,"119,500","-2,000","-1.65","490,824,000","205,540,000,000",0
034300,신세계건설,"21,400","50","0.23","90,532,750","85,600,000,000",0
031430,신세계인터내셔날,"149,000","-500","-0.33","3,695,409,000","1,063,860,000,000",0
031440,신세계푸드,"54,300","-300","-0.55","483,887,200","210,275,664,000",0
006880,신송홀딩스,"3,830","-120","-3.04","131,352,720","45,304,526,140",0
005800,신영와코루,"92,200","-100","-0.11","29,237,600","82,980,000,000",0
001720,신영증권,"44,800","-50","-0.11","178,388,400","420,503,417,600",0
009270,신원,"1,645","20","1.23","2,500,450,965","139,894,910,855",0
002700,신일전자,"1,935","35","1.84","11,739,077,470","137,476,953,135",0
019170,신풍제약,"71,600","-1,900","-2.59","2,456,090,347,400","3,793,725,284,000",0
002870,신풍제지,"1,630","20","1.24","2,043,611,490","56,982,681,000",0
293940,신한알파리츠,"6,500","20","0.31","541,659,560","340,145,799,500",0
055550,신한지주,"30,750","250","0.82","52,984,486,450","14,679,952,676,250",0
001770,신화실업,"20,250","-450","-2.17","79,116,300","24,601,279,500",0
004080,신흥,"9,170","10","0.11","16,335,580","88,032,000,000",0
102280,쌍방울,"779","-27","-3.35","2,452,418,958","108,561,149,433",0
003410,쌍용양회,"4,940","0","0.00","4,040,133,560","2,489,066,399,300",0
003620,쌍용차,"3,800","-70","-1.81","7,703,444,235","569,392,007,600",0
004770,써니전자,"3,755","-45","-1.18","5,823,605,165","130,843,016,305",0
015540,쎌마테라퓨틱스,"9,570","110","1.16","6,413,417,230","97,387,908,750",0
004920,씨아이테크,"1,100","5","0.46","263,591,600","26,477,849,200",0
112610,씨에스윈드,"72,000","3,500","5.11","32,912,133,500","1,244,571,480,000",0
008700,아남전자,"1,750","5","0.29","1,135,207,930","134,968,435,000",0
002790,아모레G,"53,100","-700","-1.30","4,482,832,900","4,378,529,358,000",0
090430,아모레퍼시픽,"163,000","-1,500","-0.91","27,361,002,500","9,528,733,870,000",0
002030,아세아,"74,800","-400","-0.53","197,159,600","163,888,595,200",0
183190,아세아시멘트,"60,700","-500","-0.82","824,305,100","236,475,606,300",0
002310,아세아제지,"28,650","-300","-1.04","2,541,561,600","256,603,782,300",0
267850,아시아나IDT,"18,350","4,200","29.68","112,582,924,000","203,685,000,000",0
020560,아시아나항공,"4,295","735","20.65","321,825,374,175","958,795,587,730",0
122900,아이마켓코리아,"8,380","-20","-0.24","489,497,360","296,596,189,200",0
010780,아이에스동서,"46,500","-1,450","-3.02","14,763,333,050","1,436,506,179,000",0
033660,아주캐피탈,"11,200","-200","-1.75","824,289,550","644,513,968,000",0
001780,알루코,"2,060","-65","-3.06","1,221,535,685","153,519,650,120",0
018250,애경산업,"22,350","-350","-1.54","2,140,602,100","590,262,047,250",0
161000,애경유화,"6,800","0","0.00","547,517,440","217,872,000,000",0
011090,에넥스,"1,140","-15","-1.30","620,139,920","68,390,470,740",0
005850,에스엘,"11,750","-100","-0.84","2,198,152,250","566,388,504,750",0
012750,에스원,"85,800","1,100","1.30","6,089,081,242","3,260,329,472,400",0
023960,에쓰씨엔지니어링,"1,260","20","1.61","50,606,630","31,520,899,620",0
298690,에어부산,"3,950","530","15.50","41,583,551,970","205,676,500,000",0
140910,에이리츠,"6,460","60","0.94","19,773,380","24,501,326,500",0
078520,에이블씨엔씨,"8,310","-40","-0.48","680,481,100","224,648,044,290",0
015260,에이엔피,"183","-47","-20.43","1,535,630,102","15,149,630,844",0
007460,에이프로젠 KIC,"2,785","-15","-0.54","8,409,685,655","497,350,399,335",0
003060,에이프로젠제약,"1,530","-10","-0.65","9,806,707,190","609,820,921,980",0
036570,엔씨소프트,"794,000","9,000","1.15","140,613,700,000","17,431,493,468,000",0
138250,엔에스쇼핑,"12,300","250","2.07","1,119,108,750","414,460,800,000",0
085310,엔케이,"1,115","30","2.76","878,517,630","89,181,437,480",0
009810,엔케이물산,"530","-8","-1.49","189,557,507","44,296,566,840",0
014440,영보화학,"4,360","-440","-9.17","6,510,279,610","87,200,000,000",0
111770,영원무역,"24,550","-150","-0.61","2,711,511,750","1,087,846,539,400",0
009970,영원무역홀딩스,"33,400","-350","-1.04","395,683,000","455,428,772,800",0
003520,영진약품,"6,710","-240","-3.45","102,615,172,710","1,227,210,225,010",0
000670,영풍,"534,000","5,000","0.95","3,532,515,000","983,649,360,000",0
006740,영풍제지,"3,410","-40","-1.16","199,880,715","75,702,000,000",0
012280,영화금속,"1,965","60","3.15","21,604,126,790","89,311,226,790",0
012160,영흥,"1,190","-25","-2.06","1,786,451,225","102,133,545,710",0
015360,예스코홀딩스,"34,500","400","1.17","83,288,350","207,000,000,000",0
007310,오뚜기,"556,000","0","0.00","2,354,759,000","2,004,511,772,000",0
002630,오리엔트바이오,"758","-16","-2.07","1,591,346,753","77,163,638,968",0
271560,오리온,"134,500","2,500","1.89","10,932,251,500","5,317,609,754,000",0
001800,오리온홀딩스,"12,900","-100","-0.77","1,211,848,300","808,125,943,800",0
070960,용평리조트,"4,450","60","1.37","1,846,625,390","214,193,331,850",0
316140,우리금융지주,"8,680","-100","-1.14","18,900,970,200","6,269,283,488,440",0
004720,우리들제약,"7,340","-290","-3.80","7,588,083,550","100,603,684,160",0
118000,우리들휴브레인,"3,385","65","1.96","10,107,954,710","142,147,151,250",0
010050,우리종금,"586","-9","-1.51","1,360,936,539","395,083,195,916",0
006980,우성사료,"3,235","-100","-3.00","2,957,308,585","99,961,500,000",0
017370,우신시스템,"2,855","-25","-0.87","207,646,190","52,286,624,170",0
105840,우진,"3,650","-60","-1.62","604,033,195","73,738,154,100",0
010400,우진아이엔에스,"6,990","0","0.00","115,034,170","53,277,780,000",0
049800,우진플라임,"3,610","-40","-1.10","110,194,275","36,100,000,000",0
016880,웅진,"1,105","-20","-1.78","170,475,635","87,713,054,650",0
095720,웅진씽크빅,"2,505","-15","-0.60","638,288,920","294,090,987,960",0
005820,원림,"17,600","850","5.07","35,849,350","38,720,000,000",0
010600,웰바이오텍,"3,480","-65","-1.83","3,245,014,740","150,440,003,280",0
008600,윌비스,"1,290","-20","-1.53","1,372,465,575","83,714,190,090",0
033270,유나이티드제약,"25,350","250","1.00","5,012,999,300","411,806,237,700",0
014830,유니드,"43,500","1,450","3.45","2,422,104,350","386,708,170,500",0
000910,유니온,"8,310","-790","-8.68","60,657,228,360","129,732,553,890",0
047400,유니온머티리얼,"5,230","-400","-7.10","57,655,583,930","219,660,000,000",0
011330,유니켐,"1,400","-10","-0.71","285,575,115","96,194,480,200",0
077500,유니퀘스트,"10,350","-350","-3.27","6,935,459,800","282,358,091,250",0
002920,유성기업,"2,460","0","0.00","27,994,105","63,830,850,000",0
000700,유수홀딩스,"5,740","40","0.70","159,021,850","149,480,000,880",0
003470,유안타증권,"2,825","-5","-0.18","1,038,427,270","563,860,327,200",0
011690,유양디앤유,"-","0","0.00","0","71,362,925,220",0
072130,유엔젤,"3,220","-15","-0.46","318,349,120","42,489,361,880",0
000220,유유제약,"17,200","1,200","7.50","35,275,045,600","109,539,696,400",0
001200,유진투자증권,"3,550","10","0.28","3,074,841,615","343,875,783,900",0
000100,유한양행,"56,300","-400","-0.71","56,714,112,200","3,764,038,403,000",0
003460,유화증권,"2,180","-10","-0.46","11,121,565","123,611,264,700",0
008730,율촌화학,"16,550","-300","-1.78","3,498,373,000","410,440,000,000",0
008250,이건산업,"7,600","-50","-0.65","549,891,680","83,240,026,000",0
025820,이구산업,"1,595","-30","-1.85","549,983,905","53,339,990,000",0
214320,이노션,"48,800","-100","-0.20","3,023,713,500","976,000,000,000",0
088260,이리츠코크렙,"5,220","0","0.00","172,712,250","330,643,099,800",0
139480,이마트,"111,000","0","0.00","24,450,441,500","3,094,215,909,000",0
007660,이수페타시스,"4,390","-10","-0.23","3,419,309,420","181,168,267,220",0
005950,이수화학,"8,670","-120","-1.37","987,425,730","132,460,260,000",0
015020,이스타코,"772","3","0.39","109,096,987","33,081,435,200",0
093230,이아이디,"263","13","5.20","7,136,416,918","144,214,088,546",0
074610,이엔플러스,"5,620","-130","-2.26","4,475,112,840","213,451,775,660",0
102460,이연제약,"15,500","-100","-0.64","1,566,728,100","259,935,000,000",0
084680,이월드,"3,840","-40","-1.03","1,341,817,150","396,057,204,480",0
334890,이지스밸류리츠,"4,455","-10","-0.22","1,454,379,340","106,920,000,000",0
000760,이화산업,"14,250","0","0.00","34,387,400","39,900,000,000",0
014990,인디에프,"2,015","5","0.25","1,132,195,470","118,749,984,925",0
006490,인스코비,"2,170","-30","-1.36","1,637,263,550","214,027,620,800",0
023800,인지컨트롤스,"5,170","10","0.19","539,215,280","78,377,861,760",0
034590,인천도시가스,"24,050","-100","-0.41","37,024,800","105,212,833,700",0
129260,인터지스,"2,860","-40","-1.38","1,671,302,035","85,078,919,640",0
023810,인팩,"4,655","0","0.00","49,393,895","46,550,000,000",0
249420,일동제약,"16,150","150","0.94","1,551,399,900","384,423,052,750",0
000230,일동홀딩스,"9,150","-100","-1.08","145,747,680","105,594,660,000",0
013360,일성건설,"966","-5","-0.51","95,277,430","52,188,034,080",0
003120,일성신약,"85,600","-2,400","-2.73","2,848,940,800","227,696,000,000",0
003200,일신방직,"69,200","-1,700","-2.40","1,166,256,000","166,080,000,000",0
007110,일신석재,"2,350","0","0.00","2,218,449,155","182,023,033,500",0
007570,일양약품,"89,200","2,200","2.53","110,538,512,700","1,702,441,228,800",0
008500,일정실업,"12,650","-350","-2.69","31,036,900","15,180,000,000",0
081000,일진다이아,"56,500","200","0.36","17,874,724,000","802,468,087,500",0
020760,일진디스플,"3,030","40","1.34","467,667,655","85,792,753,200",0
020150,일진머티리얼즈,"49,650","-200","-0.40","20,511,977,250","2,289,402,957,750",0
103590,일진전기,"2,825","35","1.25","533,040,140","104,752,101,750",0
015860,일진홀딩스,"4,800","-80","-1.64","1,516,700,450","236,867,918,400",0
226320,잇츠한불,"22,100","150","0.68","6,465,767,800","484,637,861,500",0
317400,자이에스앤디,"6,420","480","8.08","6,499,445,390","171,943,778,400",0
033240,자화전자,"13,300","1,650","14.16","37,341,284,700","238,070,000,000",0
000950,전방,"26,550","1,100","4.32","4,282,973,900","44,604,000,000",0
194370,제이에스코퍼레이션,"6,800","-50","-0.73","171,312,280","90,682,086,800",0
025620,제이준코스메틱,"2,820","-60","-2.08","1,474,474,925","101,026,666,380",0
036420,제이콘텐트리,"30,000","0","0.00","1,908,360,800","491,552,130,000",0
030000,제일기획,"19,800","1,600","8.79","46,378,896,300","2,277,816,255,000",0
271980,제일약품,"48,800","-100","-0.20","25,120,363,700","717,597,753,600",0
001560,제일연마,"6,650","0","0.00","81,889,420","66,500,000,000",0
002620,제일파마홀딩스,"21,550","-200","-0.92","2,736,466,750","344,225,800,250",0
006220,제주은행,"3,095","5","0.16","55,092,565","99,438,555,530",0
089590,제주항공,"15,900","200","1.27","13,441,662,900","419,072,452,200",0
004910,조광페인트,"5,520","0","0.00","77,471,420","70,656,000,000",0
004700,조광피혁,"51,600","-1,200","-2.27","218,411,900","343,095,520,800",0
001550,조비,"24,600","-1,950","-7.34","12,555,680,550","127,729,079,400",0
000480,조선내화,"72,500","-300","-0.41","234,273,900","290,000,000,000",0
120030,조선선재,"109,000","-2,000","-1.80","1,335,443,500","137,083,959,000",0
018470,조일알미늄,"600","-1","-0.17","170,503,369","42,093,333,000",0
002600,조흥,"156,000","1,000","0.65","31,926,000","93,600,000,000",0
185750,종근당,"137,000","-3,000","-2.14","13,055,626,500","1,491,338,845,000",0
063160,종근당바이오,"39,700","-200","-0.50","2,614,534,000","217,792,691,400",0
001630,종근당홀딩스,"123,000","7,000","6.03","9,617,317,500","616,212,903,000",0
044380,주연테크,"1,220","25","2.09","5,716,459,065","66,626,748,580",0
013890,지누스,"81,600","1,000","1.24","4,986,098,800","1,175,590,718,400",0
013870,지엠비코리아,"4,955","-55","-1.10","646,579,010","94,503,147,400",0
071320,지역난방공사,"34,950","-200","-0.57","226,753,800","404,677,102,800",0
010580,지코,"-","0","0.00","0","19,761,980,616",0
035000,지투알,"5,000","30","0.60","321,067,940","82,837,045,000",0
088790,진도,"2,570","50","1.98","155,148,045","31,990,702,080",0
003780,진양산업,"3,665","5","0.14","1,217,753,210","47,645,000,000",0
010640,진양폴리,"2,955","20","0.68","193,892,745","29,550,000,000",0
100250,진양홀딩스,"2,405","5","0.21","141,654,905","134,428,177,260",0
051630,진양화학,"3,610","-15","-0.41","741,112,190","43,320,000,000",0
272450,진에어,"10,150","100","1.00","8,737,872,550","304,500,000,000",0
011000,진원생명과학,"9,230","-220","-2.33","22,240,182,440","411,831,597,840",0
002780,진흥기업,"2,515","-20","-0.79","778,208,805","365,861,438,675",0
009310,참엔지니어링,"1,325","-20","-1.49","140,260,305","73,353,961,000",0
000650,천일고속,"62,600","-1,300","-2.03","196,407,900","89,469,172,000",0
012600,청호컴넷,"4,470","140","3.23","2,722,051,570","38,336,288,970",0
033250,체시스,"2,830","-35","-1.22","2,187,730,110","67,920,000,000",0
035720,카카오,"329,500","3,000","0.92","289,967,787,500","28,945,309,061,000",0
006380,카프로,"2,625","-30","-1.13","487,808,385","105,000,000,000",0
109070,컨버즈,"-","0","0.00","0","14,721,078,700",0
001620,케이비아이동국실업,"552","4","0.73","16,133,853","36,455,223,744",0
029460,케이씨,"23,650","1,400","6.29","9,158,962,750","320,553,140,600",0
344820,케이씨씨글라스,"32,400","-700","-2.11","1,865,498,100","270,546,804,000",0
281820,케이씨텍,"23,100","450","1.99","5,836,411,200","458,288,754,000",0
145270,케이탑리츠,"754","-3","-0.40","99,403,654","34,852,991,758",0
007810,코리아써키트,"15,400","-800","-4.94","15,036,585,400","363,759,565,400",0
152330,코리아오토글라스,"14,050","-300","-2.09","1,094,260,250","281,000,000,000",0
003690,코리안리,"7,010","-100","-1.41","2,438,873,070","843,787,503,160",0
192820,코스맥스,"90,900","300","0.33","5,648,546,400","913,500,368,100",0
044820,코스맥스비티아이,"21,700","-1,550","-6.67","2,101,226,700","208,405,085,700",0
005070,코스모신소재,"14,550","450","3.19","15,157,887,200","425,557,890,750",0
005420,코스모화학,"8,800","-100","-1.12","4,142,295,510","229,775,260,000",0
071950,코아스,"1,135","-10","-0.87","314,727,240","35,079,683,350",0
002020,코오롱,"18,900","-350","-1.82","794,924,600","238,639,451,400",0
003070,코오롱글로벌,"10,650","350","3.40","3,450,069,350","268,491,164,700",0
144620,코오롱머티리얼,"2,980","-15","-0.50","3,806,998,515","204,602,732,300",0
120110,코오롱인더,"34,050","-500","-1.45","7,381,544,350","918,629,502,000",0
138490,코오롱플라스틱,"4,205","-35","-0.83","320,687,825","159,790,000,000",0
021240,코웨이,"75,600","1,000","1.34","23,893,698,300","5,579,251,196,400",0
031820,콤텍시스템,"1,270","5","0.40","529,691,200","86,171,361,820",0
192400,쿠쿠홀딩스,"80,500","-400","-0.49","609,489,000","572,551,178,500",0
284740,쿠쿠홈시스,"36,450","-300","-0.82","955,635,450","817,840,678,500",0
015590,큐로,"692","-25","-3.49","1,502,140,463","157,230,453,496",0
264900,크라운제과,"8,840","-170","-1.89","148,121,610","110,710,834,000",0
005740,크라운해태홀딩스,"8,570","50","0.59","133,477,320","127,241,763,790",0
020120,키다리스튜디오,"8,360","-120","-1.42","2,324,654,130","141,779,463,760",0
039490,키움증권,"97,800","1,200","1.24","9,508,751,600","2,161,354,572,000",0
012170,키위미디어그룹,"-","0","0.00","0","29,592,697,500",0
014580,태경비케이,"3,720","-5","-0.13","2,949,721,770","102,609,132,000",0
015890,태경산업,"4,855","85","1.78","514,335,075","141,905,581,250",0
006890,태경케미컬,"7,800","1,390","21.68","33,910,053,750","90,480,000,000",0
003240,태광산업,"690,000","-9,000","-1.29","935,164,000","768,246,000,000",0
011280,태림포장,"3,420","15","0.44","563,086,315","242,156,314,800",0
004100,태양금속,"1,065","5","0.47","174,276,265","39,085,500,000",0
009410,태영건설,"16,050","-500","-3.02","5,822,048,500","1,226,220,000,000",0
001420,태원물산,"3,515","35","1.01","82,129,835","26,714,000,000",0
007980,태평양물산,"1,785","10","0.56","391,550,290","85,947,012,795",0
055490,테이팩스,"24,050","100","0.42","546,650,000","113,459,482,500",0
078000,텔코웨어,"12,450","-150","-1.19","343,674,800","120,798,689,700",0
214420,토니모리,"10,200","-100","-0.97","776,744,300","179,928,000,000",0
019180,티에이치엔,"2,650","0","0.00","387,998,790","47,700,000,000",0
091810,티웨이항공,"2,430","65","2.75","5,845,268,730","114,148,793,160",0
004870,티웨이홀딩스,"1,050","20","1.94","2,258,522,245","80,514,897,750",0
005690,파미셀,"22,500","200","0.90","462,723,676,350","1,349,076,375,000",0
036580,팜스코,"6,150","-130","-2.07","413,474,810","225,876,849,450",0
028670,팬오션,"3,560","-5","-0.14","4,049,781,285","1,903,066,376,920",0
010820,퍼스텍,"2,355","-15","-0.63","2,021,620,625","113,184,738,300",0
016800,퍼시스,"28,650","50","0.17","20,293,250","329,475,000,000",0
001020,페이퍼코리아,"1,485","-20","-1.33","122,553,975","52,221,925,800",0
090080,평화산업,"1,205","0","0.00","203,359,335","66,157,222,095",0
010770,평화홀딩스,"3,010","-10","-0.33","95,692,525","44,022,652,660",0
058430,포스코강판,"13,000","-50","-0.38","434,979,400","78,000,000,000",0
047050,포스코인터내셔널,"14,150","0","0.00","3,207,726,150","1,745,758,358,350",0
003670,포스코케미칼,"72,900","1,400","1.96","35,457,342,100","4,446,041,238,000",0
007630,폴루스바이오팜,"-","0","0.00","0","48,156,675,700",0
017810,풀무원,"18,350","-550","-2.91","4,406,183,750","698,968,932,500",0
103140,풍산,"23,500","-250","-1.05","6,478,240,300","658,570,533,000",0
005810,풍산홀딩스,"26,300","-250","-0.94","382,646,400","206,064,892,100",0
033180,필룩스,"4,480","0","0.00","4,585,058,655","403,393,213,440",0
086790,하나금융지주,"28,700","-50","-0.17","50,440,454,550","8,616,947,179,400",0
293480,하나제약,"22,500","150","0.67","1,312,843,450","364,500,000,000",0
039130,하나투어,"37,800","550","1.48","3,649,240,950","526,901,193,000",0
172580,하이골드12호,"2,195","-35","-1.57","29,686,420","28,632,677,500",0
153360,하이골드3호,"1,355","-5","-0.37","1,223,250","21,882,965,450",0
071090,하이스틸,"16,900","-100","-0.59","73,563,300","33,799,053,600",0
019490,하이트론,"2,870","115","4.17","153,525,630","15,873,209,450",0
000080,하이트진로,"42,200","-750","-1.75","15,417,589,850","2,959,638,384,200",0
000140,하이트진로홀딩스,"20,800","-50","-0.24","403,134,000","482,700,712,000",0
036460,한국가스공사,"25,300","-150","-0.59","5,525,503,800","2,335,518,900,000",0
005430,한국공항,"33,450","50","0.15","438,241,400","105,914,574,750",0
071050,한국금융지주,"49,850","-150","-0.30","15,214,236,250","2,777,940,701,200",0
010040,한국내화,"3,440","-125","-3.51","1,192,158,100","78,650,894,080",0
025540,한국단자,"38,000","250","0.66","4,947,527,250","395,770,000,000",0
004090,한국석유,"96,500","300","0.31","228,836,000","63,226,800,000",0
002200,한국수출포장,"18,650","50","0.27","173,298,000","74,600,000,000",0
002960,한국쉘석유,"233,500","-500","-0.21","213,489,500","303,550,000,000",0
123890,한국자산신탁,"2,820","0","0.00","485,212,270","349,617,260,640",0
015760,한국전력,"19,150","-150","-0.78","62,742,143,700","12,293,612,074,550",0
006200,한국전자홀딩스,"531","1","0.19","77,121,453","24,852,465,216",0
009540,한국조선해양,"90,800","3,100","3.53","28,562,648,000","6,426,198,932,800",0
023350,한국종합기술,"3,995","-60","-1.48","172,119,265","43,745,250,000",0
025890,한국주강,"1,370","10","0.74","46,490,580","15,493,684,830",0
000970,한국주철관,"9,350","140","1.52","10,221,925,170","213,184,675,000",0
104700,한국철강,"4,545","-35","-0.76","339,408,860","209,297,250,000",0
017960,한국카본,"8,340","-60","-0.71","4,486,343,130","366,632,713,380",0
161890,한국콜마,"44,750","500","1.13","6,587,228,050","1,023,932,805,000",0
024720,한국콜마홀딩스,"30,200","-550","-1.79","7,652,725,350","541,756,773,200",0
161390,한국타이어앤테크놀로지,"25,700","350","1.38","8,550,279,950","3,183,589,273,300",0
000240,한국테크놀로지그룹,"11,600","-50","-0.43","5,700,826,450","1,079,034,006,800",0
034830,한국토지신탁,"1,720","-15","-0.86","720,614,090","434,281,475,600",0
007280,한국특수형강,"1,480","20","1.37","186,181,750","47,883,165,200",0
010100,한국프랜지,"2,390","-75","-3.04","1,230,834,050","72,776,503,800",0
047810,한국항공우주,"25,450","850","3.46","26,965,820,900","2,480,741,473,150",0
123690,한국화장품,"13,650","-150","-1.09","2,628,006,450","219,328,200,000",0
003350,한국화장품제조,"41,150","900","2.24","2,766,741,300","186,491,800,000",0
011500,한농화성,"4,830","-15","-0.31","57,852,860","75,526,912,860",0
002390,한독,"36,250","800","2.26","43,008,329,450","498,928,071,250",0
014790,한라,"3,435","135","4.09","4,656,124,670","133,535,425,770",0
060980,한라홀딩스,"27,500","-250","-0.90","1,231,084,200","287,981,925,000",0
053690,한미글로벌,"8,360","210","2.58","3,176,444,000","91,605,118,000",0
042700,한미반도체,"12,250","50","0.41","19,154,708,800","630,893,387,250",0
008930,한미사이언스,"46,200","10,650","29.96","244,460,955,150","3,049,715,083,800",0
128940,한미약품,"284,500","37,500","15.18","462,525,776,000","3,369,341,750,500",0
009240,한샘,"105,000","-500","-0.47","12,388,492,500","2,471,062,440,000",0
020000,한섬,"31,900","-800","-2.45","3,294,766,600","785,697,000,000",0
003680,한성기업,"16,650","-1,600","-8.77","10,170,806,000","103,388,424,750",0
105630,한세실업,"10,600","0","0.00","1,073,982,250","424,000,000,000",0
069640,한세엠케이,"2,525","-30","-1.17","72,772,280","32,596,038,050",0
016450,한세예스24홀딩스,"3,955","-10","-0.25","161,193,615","158,200,000,000",0
010420,한솔PNS,"1,420","-5","-0.35","163,788,200","29,100,077,040",0
009180,한솔로지스틱스,"1,910","-85","-4.26","2,471,846,880","52,481,881,750",0
213500,한솔제지,"14,550","200","1.39","3,330,897,450","346,298,380,800",0
014680,한솔케미칼,"153,500","4,000","2.68","16,455,141,000","1,733,812,432,500",0
004710,한솔테크닉스,"9,250","-20","-0.22","11,260,230,950","297,016,371,500",0
004150,한솔홀딩스,"3,420","180","5.56","2,443,338,560","143,669,333,340",0
025750,한솔홈데코,"1,085","-15","-1.36","1,373,046,420","87,413,186,665",0
004960,한신공영,"14,300","-1,100","-7.14","3,770,273,800","165,461,038,600",0
011700,한신기계,"1,305","5","0.38","128,088,205","42,342,227,055",0
001750,한양증권,"8,050","-50","-0.62","396,173,700","102,464,698,700",0
018880,한온시스템,"9,500","0","0.00","13,155,335,610","5,071,100,000,000",0
009420,한올바이오파마,"30,500","-500","-1.61","14,826,775,500","1,593,339,459,000",0
014130,한익스프레스,"5,040","-90","-1.75","954,508,410","60,480,000,000",0
300720,한일시멘트,"83,700","-1,600","-1.88","241,870,600","346,933,989,000",0
002220,한일철강,"1,775","-35","-1.93","337,402,860","40,543,728,175",0
006390,한일현대시멘트,"28,150","-450","-1.57","997,539,050","473,519,313,500",0
003300,한일홀딩스,"43,900","-450","-1.01","53,777,750","263,152,228,400",0
051600,한전KPS,"29,700","-250","-0.83","5,543,214,250","1,336,500,000,000",0
052690,한전기술,"16,350","50","0.31","1,076,417,450","624,897,000,000",0
130660,한전산업,"3,205","-15","-0.47","162,060,315","104,483,000,000",0
002320,한진,"55,500","-1,300","-2.29","9,948,296,200","664,593,408,000",0
097230,한진중공업,"6,500","-100","-1.52","703,728,260","541,282,826,500",0
003480,한진중공업홀딩스,"3,590","-10","-0.28","77,119,175","106,012,025,080",0
180640,한진칼,"87,200","700","0.81","47,322,325,600","5,159,663,937,600",0
005110,한창,"1,870","-15","-0.80","1,666,352,785","65,057,803,030",0
009460,한창제지,"1,995","-5","-0.25","1,298,986,485","119,036,634,570",0
000880,한화,"23,800","-50","-0.21","11,133,249,750","1,784,017,893,000",0
088350,한화생명,"1,485","-5","-0.34","4,327,365,925","1,289,767,050,000",0
000370,한화손해보험,"2,885","-5","-0.17","959,440,245","336,791,769,775",0
009830,한화솔루션,"25,550","-1,050","-3.95","82,512,295,750","4,084,537,898,350",0
272210,한화시스템,"9,730","-30","-0.31","8,293,547,650","1,072,541,684,970",0
012450,한화에어로스페이스,"25,600","600","2.40","22,549,709,600","1,296,128,000,000",0
003530,한화투자증권,"1,770","0","0.00","1,211,433,455","379,749,561,750",0
195870,해성디에스,"18,850","-500","-2.58","7,184,528,450","320,450,000,000",0
101530,해태제과식품,"8,580","280","3.37","848,803,350","249,822,332,760",0
143210,핸즈코퍼레이션,"6,200","20","0.32","69,801,340","135,552,261,600",0
000720,현대건설,"34,300","-250","-0.72","36,075,231,800","3,819,502,739,500",0
267270,현대건설기계,"22,150","-200","-0.89","2,660,087,400","436,372,564,950",0
005440,현대그린푸드,"7,970","-80","-0.99","1,839,902,550","778,704,721,540",0
086280,현대글로비스,"110,500","-500","-0.45","15,067,118,500","4,143,750,000,000",0
064350,현대로템,"17,600","1,600","10.00","301,553,654,150","1,496,000,000,000",0
079430,현대리바트,"19,750","-250","-1.25","6,581,195,000","405,571,819,500",0
012330,현대모비스,"204,000","500","0.25","68,085,272,000","19,391,157,576,000",0
010620,현대미포조선,"32,250","400","1.26","4,654,010,400","1,288,134,305,250",0
069960,현대백화점,"59,600","100","0.17","6,364,564,900","1,394,785,483,600",0
004560,현대비앤지스틸,"7,540","-10","-0.13","457,464,830","113,694,234,940",0
011760,현대상사,"15,050","-100","-0.66","907,294,950","199,095,938,300",0
004310,현대약품,"6,170","-30","-0.48","6,177,399,870","197,440,000,000",0
322000,현대에너지솔루션,"29,500","-1,500","-4.84","14,161,282,200","330,400,000,000",0
126560,현대에이치씨엔,"4,105","-355","-7.96","10,274,621,445","463,358,426,580",0
017800,현대엘리베이,"46,250","-100","-0.22","15,496,509,950","1,773,733,796,250",0
307950,현대오토에버,"39,350","0","0.00","1,167,165,500","826,350,000,000",0
011210,현대위아,"37,200","-700","-1.85","5,946,957,900","1,011,657,087,600",0
267260,현대일렉트릭,"10,050","-250","-2.43","9,285,338,160","362,273,706,750",0
004020,현대제철,"25,700","-250","-0.96","37,677,928,150","3,429,556,674,500",0
267250,현대중공업지주,"239,500","6,500","2.79","14,879,618,000","3,783,768,771,500",0
005380,현대차,"123,000","-500","-0.40","217,376,981,000","26,281,187,001,000",0
001500,현대차증권,"9,350","30","0.32","732,206,880","274,301,987,850",0
227840,현대코퍼레이션홀딩스,"9,990","-110","-1.09","229,643,480","90,917,351,640",0
001450,현대해상,"23,450","150","0.64","4,610,896,700","2,096,430,000,000",0
057050,현대홈쇼핑,"61,600","-600","-0.96","1,771,133,900","739,200,000,000",0
093240,형지엘리트,"1,570","35","2.28","4,188,125,165","48,913,032,860",0
003010,혜인,"5,010","-150","-2.91","2,282,474,015","63,690,862,470",0
111110,호전실업,"9,250","-110","-1.18","185,785,000","74,000,000,000",0
008770,호텔신라,"70,200","300","0.43","24,840,661,900","2,755,218,094,200",0
002460,화성산업,"10,500","50","0.48","1,106,757,050","130,733,400,000",0
013520,화승알앤에이,"1,710","105","6.54","927,938,965","110,399,669,100",0
241590,화승엔터프라이즈,"10,950","200","1.86","3,598,458,400","662,876,536,500",0
006060,화승인더,"6,980","-50","-0.71","2,397,110,200","386,133,600,000",0
010690,화신,"2,170","-50","-2.25","782,614,610","75,777,289,700",0
133820,화인베스틸,"2,650","15","0.57","1,414,043,645","78,307,500,000",0
010660,화천기계,"3,415","-60","-1.73","1,831,832,940","75,130,000,000",0
000850,화천기공,"31,400","450","1.45","130,513,550","69,080,000,000",0
016580,환인제약,"15,550","-550","-3.42","2,148,318,300","289,231,088,500",0
032560,황금에스티,"6,270","50","0.80","3,214,049,090","87,780,000,000",0
004800,효성,"71,700","-1,000","-1.38","7,779,483,000","1,510,792,492,500",0
094280,효성ITX,"25,750","-550","-2.09","1,645,650,150","297,623,650,000",0
298040,효성중공업,"48,350","1,850","3.98","31,834,196,900","450,841,895,800",0
298050,효성첨단소재,"128,000","-1,500","-1.16","22,343,389,500","573,433,344,000",0
298020,효성티앤씨,"112,500","-2,500","-2.17","2,571,770,500","486,864,225,000",0
298000,효성화학,"108,500","-1,500","-1.36","1,739,570,000","346,128,671,000",0
093370,후성,"8,090","40","0.50","6,934,303,850","749,189,165,710",0
081660,휠라홀딩스,"33,900","100","0.30","10,393,933,000","2,059,500,325,800",0
005870,휴니드,"6,950","-40","-0.57","1,245,426,910","98,106,304,250",0
079980,휴비스,"6,450","0","0.00","939,941,380","222,525,000,000",0
005010,휴스틸,"7,160","100","1.42","80,599,240","54,571,142,880",0
069260,휴켐스,"16,950","400","2.42","2,938,646,250","692,892,066,600",0
000540,흥국화재,"2,245","-10","-0.44","42,348,355","144,224,738,025",0
003280,흥아해운,"-","0","0.00","0","30,117,000,222",0